assign,complier,treat,income,job,age,education,capital,land
0,1,0,2463.075,1,50,0,820.7188,73.6499
0,1,0,562.7104,3,58,3,66.61401,51.9342
0,1,0,114.7378,2,66,0,555.1167,16.17457
1,1,1,.108337,2,76.32,5,142.1385,32.78515
0,0,0,5824.739,2,63,0,1720.932,128.7657
1,0,0,1730.013,2,57.24,0,916.1367,13.02576
0,0,0,1252.355,1,40,6,8.540257,52.00566
0,0,0,909.0748,3,35,4,1332.28,42.41847
1,1,1,.1961241,3,64.66,3,1406.455,40.82059
0,1,0,2088.351,1,54,16,9129.535,8.972719
1,1,1,510.1875,2,76.32,5,357.7515,3.590907
0,0,0,.2814716,2,48,0,343.9324,33.98087
0,1,0,3747.236,1,36,9,14458.4,52.7346
1,1,1,7795.797,1,33.92,12,698.7484,116.5337
0,0,0,2992.211,1,59,6,145.1844,35.68813
1,0,0,4962.142,1,40.28,5,2303.48,37.91298
1,0,0,.0907976,2,73.14,2,495.603,38.34015
0,1,0,3074.221,1,50,0,779.7255,36.04061
0,1,0,5175.718,1,66,0,563.657,31.46825
1,1,1,917.641,2,44.52,5,181.8005,17.68093
1,0,0,1171.278,2,67.84,0,14780.76,59.38393
1,1,1,6213.318,1,42.4,0,564.9709,27.1831
0,1,0,6863.026,1,53,2,2723.599,83.877
0,1,0,4672.664,1,41,3,15640.63,70.01712
1,1,1,1712.804,3,68.9,0,8277.48,32.38976
1,0,0,.0909956,2,44.52,10,590.5449,44.56311
0,1,0,4172.041,1,70,0,2570.617,39.45066
1,0,0,1338.039,3,49.82,2,781.1648,28.35523
1,1,1,3227.147,2,40.28,10,15070.27,52.64375
1,1,1,470.5394,2,54.06,1,370.2769,20.03336
1,0,0,957.1183,2,42.4,5,378.638,52.51263
1,1,1,295.0186,3,77.38,3,35.83325,13.01178
1,1,1,3055.949,1,60.42,5,14168.59,40.48105
1,1,1,542.6275,2,49.82,0,15607.13,17.20444
0,1,0,1321.893,3,72,0,6798.045,35.05906
1,1,1,406.611,2,49.82,0,15149.1,34.77814
0,0,0,3980.51,1,57,0,239.1272,28.43259
1,1,1,7228.721,1,77.38,5,2307.661,43.46857
0,0,0,3252.567,1,40,6,1908.993,33.26706
0,1,0,2219.453,2,40,9,638.8113,36.14005
1,1,1,551.282,3,47.7,5,2226.624,16.64247
0,0,0,1322.76,1,27,6,136.6441,47.58413
1,0,0,2264.552,2,43.46,4,1015.275,26.12024
1,1,1,5284.523,2,47.7,2,155.2774,61.85957
0,1,0,2384.243,2,57,0,848.0475,47.69218
0,1,0,5649.464,1,39,5,10233.79,51.1399
1,0,0,1022.538,2,34.98,5,2084.301,31.67507
1,1,1,1071.937,2,48.76,1,994.9698,1.159436
1,0,0,3065.055,1,31.8,5,771.6093,81.71111
1,1,1,3310.727,1,55.12,12,7490.069,23.80419
0,1,0,5582.081,1,56,6,1021.793,42.20525
1,1,1,2203.527,2,37.1,6,1142.309,77.98626
1,0,0,6096.988,1,41.34,7,58.52764,29.14161
0,1,0,6561.129,1,58,2,59.7818,54.2012
1,0,0,3937.242,1,72.08,3,1093.527,29.50221
1,1,1,7141.802,1,34.98,3,220.1327,52.85105
0,1,0,7744.077,1,72,3,10299.55,42.13322
0,1,0,489.6327,3,71,0,2143.824,71.57835
1,0,0,2324.841,1,71.02,1,8078.008,31.22545
0,1,0,3350.559,1,63,16,9804.216,30.70383
1,1,1,3277.389,1,50.88,7,716.665,51.06656
0,0,0,.3468405,2,44,4,2724.562,26.04316
0,1,0,2487.898,1,66,0,85.40257,38.3371
1,1,1,145.5076,2,87.98,0,6839.581,51.19176
0,1,0,536.8907,3,60,2,1865.543,37.32522
0,1,0,593.0071,2,62,10,1076.072,37.85461
0,0,0,298.8652,3,33,6,90.52673,39.08739
0,1,0,4997.047,1,59,0,4063.118,24.4905
1,1,1,2287.574,1,37.1,4,1069.622,41.16867
1,1,1,147.3682,2,64.66,0,69.27761,37.04096
1,0,0,253.1788,2,67.84,5,537.4987,5.579106
1,0,0,5355.14,1,94.34,0,4228.323,30.18418
1,1,1,155.5416,3,47.7,5,9230.645,35.37831
1,1,1,1683.078,1,49.82,3,1073.803,18.14412
1,0,0,939.2298,3,51.94,0,436.1245,8.986054
1,1,1,3334.1,1,55.12,1,7698.176,21.69706
1,1,1,1738.137,2,62.54,2,412.0823,11.13157
0,1,0,232.1123,3,70,0,1870.316,50.6135
0,1,0,149.108,2,63,0,512.4155,1.46354
1,1,1,2298.103,1,60.42,0,10726.08,24.86238
0,0,0,7570.859,1,65,4,228.8789,74.62445
0,0,0,2101.983,3,34,11,23.05869,35.52945
0,1,0,278.0627,3,64,0,1084.613,28.90782
0,1,0,.2466531,2,33,0,3091.573,34.13373
0,0,0,866.3074,1,52,4,452.6336,9.853057
0,1,0,.0620129,3,32,5,1255.418,41.34573
1,1,1,1217.621,3,41.34,6,137.3608,30.24736
0,1,0,850.3642,2,42,6,10063.84,19.45426
1,1,1,73.81837,2,55.12,0,209.0273,7.906048
1,1,1,1157.572,3,58.3,0,1074.817,3.322211
1,1,1,3093.427,1,54.06,0,871.4236,36.86863
1,0,0,924.9696,2,62.54,3,1648.329,28.64967
1,1,1,1783.542,3,48.76,2,268.7494,24.33872
1,1,1,7153.054,1,61.48,0,13178.27,52.29897
0,1,0,9241.367,3,33,6,1597.882,85.20921
1,0,0,2463.177,1,58.3,5,214.9995,40.00461
1,1,1,7885.363,1,61.48,3,8719.424,48.71265
1,1,1,.2699744,2,64.66,14,23.88883,15.91361
0,1,0,240.1187,3,56,3,1144.395,14.28746
1,0,0,3445.925,1,29.68,8,1937.575,30.18449
1,1,1,1654.938,2,29.68,12,203.0551,15.94163
1,1,1,2832.378,1,45.58,11,214.9995,76.5065
1,0,0,832.8391,1,44.52,0,1182.497,18.87165
1,1,1,4842.813,1,23.32,4,165.0477,155.9577
0,0,0,455.7905,3,68,0,427.0128,23.30032
1,1,1,317.79,2,48.76,1,1367.636,16.77642
0,1,0,554.1971,3,66,0,34.16103,23.71305
0,0,0,2380.753,1,44,1,2700.429,27.71965
1,0,0,1124.251,3,53,0,9861.31,53.61821
0,1,0,2789.803,1,54,3,1552.619,44.87785
0,1,0,9570.269,1,45,6,711.4034,104.568
0,0,0,5144.871,1,56,0,1418.56,41.30755
1,0,0,89.34138,3,49.82,1,7275.344,29.42103
1,1,1,1051.484,3,61.48,3,6784.428,39.91187
1,1,1,521.178,2,76.32,0,776.387,5.180675
0,1,0,3002.449,1,45,6,794.311,13.06723
1,1,1,1249.547,2,62.54,5,674.8595,28.73362
1,1,1,553.2993,2,32.86,10,3715.191,7.874676
1,1,1,.0044108,3,42.4,8,11800.57,44.26846
1,0,0,2706.327,1,74.2,1,7335.066,34.01007
1,0,0,715.4091,1,54.06,3,1731.94,15.47391
0,1,0,6141.422,1,61,4,486.7947,69.83975
1,0,0,4625.472,1,54.06,6,4179.351,42.98671
0,1,0,3219.108,2,57,3,290.3687,40.90688
0,1,0,303.8656,3,88,0,13826.68,5.730429
0,1,0,4664.355,1,48,6,968.4651,122.8656
1,1,1,.098367,3,68.9,0,1015.275,1.457022
1,0,0,.1907782,2,47.7,5,401.4551,29.99085
0,1,0,1005.925,2,34,6,926.6437,71.68786
0,0,0,2275.255,2,62,2,7361.702,31.8499
0,1,0,307.871,1,37,6,1827.615,32.57558
0,0,0,1554.441,1,55,4,4499.008,50.64247
1,1,1,2788.692,1,39.22,8,487.3322,63.43729
1,1,1,1531.802,2,44.52,5,274.7216,47.8947
1,0,0,1213.682,2,69.96,2,15653.16,4.785596
0,0,0,1182.872,3,49,0,1299.827,44.36363
1,1,1,246.2077,2,49.82,0,1624.441,56.09509
1,1,1,4180.323,1,55.12,12,7524.982,76.32498
1,1,1,1669.179,1,62.54,2,7106.927,10.87327
0,0,0,.2724398,2,40,6,495.3349,13.83295
1,1,1,2329.552,3,66.78,3,352.3603,3.41356
1,0,0,774.2291,1,57.24,5,7388.815,33.6985
0,0,0,172.4201,3,53,3,10313.21,40.08142
1,0,0,1975.501,1,62.54,3,394.1657,38.56417
0,1,0,5080.473,1,36,9,13307.43,41.6671
0,1,0,4822.717,1,59,0,404.8082,32.65953
1,1,1,5079.488,3,38.16,3,467.0267,29.5845
0,0,0,.258881,2,59,3,888.1868,5.559733
1,1,1,3660.304,2,57.24,0,8095.958,23.56033
0,1,0,.0811501,2,44,0,85.40257,26.26075
1,0,0,140.472,2,46.64,5,13855.52,30.5733
1,0,0,2294.516,2,72.08,3,1366.932,45.82363
1,1,1,707.1813,3,66.78,3,2502.355,31.12528
1,0,0,2111.112,1,60.42,8,448.5128,42.06165
0,1,0,378.8377,2,44,0,25333.82,13.24313
1,1,1,743.163,2,24.38,10,119.4442,10.05719
0,1,0,1845.698,2,53,6,10147.53,78.23647
0,1,0,5501.37,1,39,11,11922.2,95.76588
0,1,0,272.9316,2,31,2,886.5884,59.6274
0,0,0,7430.521,1,51,10,10197.07,69.90931
1,1,1,1974.788,2,45.58,1,986.6412,31.42968
0,1,0,5109.092,1,64,1,1212.717,112.0502
1,1,1,1934.453,2,55.12,3,435.374,52.45713
0,1,0,3897.193,1,42,6,363.815,42.41711
1,1,1,3126.648,1,60.42,5,12141.65,13.84063
0,1,0,1418.944,2,45,0,8845.145,28.16823
1,1,1,10110.07,1,61.48,3,8241.646,155.0171
0,1,0,321.0265,2,35,6,1620.087,14.49538
0,1,0,6521.38,1,62,3,2704.765,84.49771
1,1,1,.2920247,1,68.9,3,95.55533,32.42042
1,0,0,594.1652,2,49.82,9,1039.164,2.605488
0,0,0,1571.843,1,52,4,520.9557,25.61265
1,0,0,.3271923,3,72.08,0,397.1518,25.27081
1,0,0,1523.216,1,74.2,0,22.72506,17.24082
1,0,0,4351.831,1,38.16,5,409.6935,52.26504
1,1,1,1450.533,2,54.06,1,298.6104,30.60184
0,1,0,3501.752,2,36,7,391.0793,49.34934
1,0,0,2147.196,1,55.12,0,107.4997,72.73544
0,0,0,.3103004,3,74,4,1145.71,44.3379
0,0,0,1856.759,1,44,12,222.0467,41.55521
1,0,0,1316.317,1,58.3,5,88.38868,12.76455
0,0,0,4894.542,1,70,6,1417.683,60.57182
0,1,0,2725.897,2,67,2,1612.401,64.37041
0,1,0,229.3742,2,55,0,1549.203,18.48759
0,1,0,6140.378,1,64,6,14454.97,85.74268
1,0,0,1994.608,1,82.68,0,2627.771,38.67186
0,0,0,.2350261,3,78,3,1453.16,25.13183
1,1,1,4039.134,2,57.24,0,7784.176,36.44486
1,0,0,4542.973,1,94.34,0,4288.045,42.27925
1,1,1,9170.762,1,65.72,0,245.3416,93.34074
0,0,0,2705.779,1,56,4,1856.652,28.87539
1,1,1,4033.884,1,45.58,1,144.5274,21.9034
0,1,0,4111.438,1,48,2,10402.03,39.888
0,1,0,2353.257,1,63,16,9804.216,33.18257
1,0,0,1068.739,3,91.16,1,7683.843,42.57623
1,0,0,5729.8,1,79.5,1,747.2928,54.04505
1,1,1,449.5384,2,56.18,3,1354.497,25.32983
0,0,0,3693.93,3,52,0,854.0257,48.98938
0,0,0,1341.926,1,56,0,653.3297,14.17753
0,1,0,825.8282,2,54,0,375.7713,27.66063
0,1,0,.0564028,1,53,16,11342.32,56.02962
1,1,1,5125.534,1,33.92,5,408.499,60.68242
0,1,0,6446.311,1,76,0,22729.04,135.1891
1,1,1,1400.202,3,60.42,3,15038.02,22.63796
1,1,1,895.1696,3,57.24,3,1653.107,29.67204
0,1,0,4234.103,1,63,3,4140.317,29.88309
1,1,1,4092.031,3,71.02,3,18609.4,35.70315
0,0,0,588.4002,3,57,3,700.3011,28.68309
1,1,1,6529.915,1,61.48,14,14625.45,55.07586
0,0,0,6480.643,1,62,3,6608.869,42.14574
0,0,0,6130.967,1,41,9,151.1626,83.17279
1,1,1,2128.627,1,62.54,2,662.9151,30.59214
0,1,0,1336.335,2,35,6,1511.626,59.81503
1,1,1,4717.32,1,33.92,12,528.1885,74.6695
0,1,0,1572.673,2,52,3,10094.58,8.220043
0,0,0,4345.738,1,63,0,290.3687,41.19957
0,1,0,2790.896,1,48,2,11159.36,22.49697
0,1,0,4332.651,2,35,0,512.4155,54.01686
1,1,1,5705.465,1,59.36,2,4496.937,61.09824
0,1,0,1227.923,2,48,0,1060.7,36.92718
0,1,0,782.2661,2,63,0,597.8181,46.82472
0,1,0,2670.79,1,44,9,20018.36,25.80396
1,0,0,4256.332,2,49.82,1,1027.22,38.99523
0,1,0,1021.966,2,57,0,589.4971,37.60474
1,0,0,.124135,3,39.22,0,573.332,19.47198
0,1,0,2549.072,2,44,4,461.49,39.73
1,1,1,2733.774,2,43.46,2,9717.977,47.13488
1,1,1,413.5322,1,55.12,5,402.5268,32.42938
1,0,0,1791.676,1,60.42,0,898.2201,18.37461
1,1,1,9412.204,1,64.66,0,602.9494,124.4252
1,0,0,2812.572,1,62.54,0,2329.161,43.7113
0,1,0,2096.303,2,73,0,2806.329,41.62128
0,0,0,1898.038,1,56,4,74.30024,2.363724
1,0,0,489.1743,2,47.7,5,394.1657,37.83685
1,0,0,3012.817,1,65.72,2,11480.97,50.71165
1,0,0,.2112337,3,40.28,1,286.666,12.86654
1,1,1,7154.517,1,39.22,8,403.7213,127.7972
0,1,0,1012.484,2,54,6,26757.48,30.36603
0,1,0,156.238,3,66,1,14854.92,46.57717
1,1,1,1982.121,1,65.72,0,387.9546,6.650224
1,0,0,2079.978,2,59.36,14,35.83325,33.8556
0,1,0,643.3972,3,55,0,965.0491,11.48843
0,1,0,5133.112,1,66,0,971.8813,40.9894
1,1,1,5024.315,1,66.78,0,5119.247,57.55366
0,1,0,6890.051,1,66,0,1029.955,56.10529
0,0,0,439.2865,1,58,3,649.0595,18.17621
1,0,0,1558.458,1,44.52,0,1110.831,29.54695
0,0,0,.2197407,3,64,0,20942.47,23.20404
1,1,1,1925.388,1,69.96,0,1756.876,49.03694
1,0,0,2147.89,1,71.02,1,7910.787,28.69639
1,1,1,2762.059,1,43.46,1,3353.638,17.5612
1,0,0,3292.259,1,74.2,0,45.38878,20.43208
1,0,0,1427.672,1,29.68,8,262.7772,36.24296
0,1,0,3064.602,1,22,6,1817.367,27.00593
0,1,0,541.8191,2,60,0,2648.034,17.07525
0,1,0,509.9546,3,75,6,1733.672,42.91671
0,1,0,2178.008,2,34,12,51.24155,39.51011
1,0,0,105.8453,3,65.72,0,668.8873,20.00959
1,1,1,591.1632,3,57.24,3,1473.941,38.41041
0,1,0,6008.948,1,60,0,20009.82,95.77493
1,1,1,.0065243,2,76.32,0,1914.787,13.43798
1,0,0,430.7565,3,40.28,3,2551.327,25.04613
0,1,0,1865.557,1,81,0,273.2882,41.63504
0,1,0,569.7829,2,74,0,488.5027,18.09267
1,0,0,997.3276,3,75.26,0,793.6126,10.88572
1,1,1,100.6715,2,38.16,2,35.83325,17.10304
0,1,0,1086.215,2,60,0,339.0482,100.0017
1,0,0,285.4297,3,61.48,0,645.5957,32.33752
1,1,1,2392.875,3,62.54,0,11221.78,28.99282
1,0,0,2713.592,1,60.42,2,17533.8,10.73882
0,0,0,2100.6,1,60,11,5721.973,1.862838
0,0,0,2137.242,1,33,6,281.8285,15.5414
1,1,1,5574.204,1,50.88,14,741.7482,55.4513
1,0,0,1364.094,2,40.28,13,18293.03,28.51526
1,0,0,3207.329,1,55.12,1,14283.13,25.53396
1,1,1,2656.343,1,54.06,7,8556.382,71.74378
0,0,0,1674.515,1,46,9,10635.17,19.82859
0,1,0,244.5877,2,44,4,495.3349,15.74454
0,1,0,1025.482,2,67,0,5766.647,4.654257
1,1,1,5205.133,1,73.14,3,5598.348,81.53842
0,1,0,4285.145,1,63,3,18341.06,19.8418
1,0,0,1010.048,1,29.68,1,2156.564,21.09124
0,1,0,2264.302,1,60,0,1153.789,16.95412
1,0,0,1301.647,2,33.92,11,4118.435,3.578289
0,1,0,1548.712,2,41,7,11016.93,11.91041
1,0,0,335.8641,2,42.4,5,1177.958,24.82273
0,0,0,2123.311,1,46,4,715.3691,11.03279
0,1,0,3409.707,2,74,0,441.2036,35.78291
0,1,0,.1281577,2,67,0,304.0331,23.53037
0,0,0,6870.946,2,42,9,1474.75,102.1803
1,0,0,1036.426,3,42.4,3,1170.553,45.69213
0,0,0,4942.887,1,55,4,10077.5,19.0136
1,1,1,1260.907,1,58.3,0,1391.662,32.21849
0,0,0,2216.731,1,62,3,1410.851,25.34131
0,1,0,9589.965,1,62,3,1981.852,166.1706
0,0,0,439.6087,2,69,0,1668.898,28.9203
1,0,0,579.7097,2,66.78,5,1082.164,34.49008
0,1,0,.1777524,2,40,6,9795.675,19.62104
0,0,0,6011.018,1,70,0,820.084,67.32107
0,0,0,.0033631,2,49,4,11143.33,44.39957
1,1,1,6616.852,1,54.06,1,310.5548,23.41827
1,1,1,2966.737,1,42.4,7,18953.4,24.88677
1,0,0,4981.813,1,65.72,2,11242.08,49.84217
1,0,0,4485.503,1,43.46,1,14148.16,25.62299
0,0,0,2577.204,2,42,1,44.40934,9.647186
1,0,0,458.4647,3,33.92,0,519.5821,46.6424
0,0,0,5130.893,3,61,3,2082.115,32.63718
1,1,1,296.109,2,41.34,3,8264.341,62.66446
1,1,1,1493.766,2,78.44,5,1413.024,35.2676
0,0,0,1786.398,1,58,0,580.7375,34.64721
1,1,1,3261.396,1,65.72,0,4966.144,55.81818
0,0,0,.2410572,2,55,3,1880.611,14.48883
0,1,0,3289.958,1,71,1,15362.21,69.85703
0,0,0,1664.384,1,46,11,17482.76,20.30717
0,1,0,350.3502,3,71,0,2109.444,15.69471
1,0,0,985.9442,1,55.12,1,15171.68,22.23242
0,1,0,402.2219,2,56,0,10982.77,8.455034
1,1,1,6064.319,1,53,0,274.7216,116.5898
0,1,0,2096.46,1,34,5,222.0467,39.51345
0,0,0,2086.275,1,56,2,17.93454,29.25183
0,1,0,3375.952,1,61,0,1668.766,57.0206
0,0,0,1316.37,1,48,1,591.8398,49.93481
1,0,0,1740.728,2,58.3,1,1021.28,38.54286
1,0,0,393.9819,2,57.24,0,119.4442,16.30071
1,0,0,.0576219,2,76.32,0,672.4706,28.77407
1,0,0,836.3926,2,51.94,3,157.6663,14.30091
0,0,0,5525.693,1,62,0,10897.37,34.46179
1,0,0,308.8186,3,57.24,0,573.332,11.71002
1,0,0,307.7706,2,50.88,4,191.1107,11.48475
1,1,1,7512.098,1,55.12,1,7715.734,71.48818
1,0,0,2596.212,2,58.3,1,1151.442,42.26124
0,1,0,6801.972,1,33,11,482.0472,88.68291
0,1,0,66.69908,2,61,0,1605.568,27.67503
0,1,0,1413.819,2,72,1,305.7412,41.3765
0,1,0,.1881637,1,50,0,694.3229,10.56335
1,1,1,6431.447,1,49.82,5,15907.01,33.25335
1,0,0,1070.597,1,69.96,2,113.4719,35.72921
0,1,0,2997.914,2,49,4,11379.04,59.17749
0,1,0,2278.945,1,46,4,377.4794,12.4483
0,1,0,559.9677,2,33,5,1090.591,14.24535
1,1,1,1941.484,1,58.3,0,1018.859,23.68931
1,1,1,2156.474,2,54.06,2,349.0223,33.72348
0,1,0,312.8307,3,44,3,1076.072,24.21591
0,0,0,3548.556,1,76,1,1067.532,68.66902
0,1,0,1382.343,2,45,0,10130.57,28.26962
0,0,0,2743.253,1,57,0,1016.291,30.64285
1,1,1,561.8217,2,61.48,3,71.6665,14.54797
0,0,0,438.2474,3,68,0,816.5363,22.12024
0,0,0,2288.563,1,57,4,3009.586,57.18762
0,1,0,1609.032,1,57,0,1154.643,9.787578
0,1,0,443.7194,2,54,3,252.8793,3.596391
1,1,1,3923.212,3,67.84,0,1190.858,25.27741
0,1,0,4041.388,1,62,6,10931.53,28.34261
0,1,0,7199.188,1,44,3,2458.544,53.4497
0,1,0,9269.662,1,75,0,2303.307,118.5802
1,1,1,.1685383,3,56.18,3,13974.97,24.16502
1,1,1,.0439294,2,45.58,4,465.8322,36.35439
1,0,0,1014.475,2,29.68,8,556.1821,35.20576
1,1,1,1626.912,3,62.54,0,11221.78,26.27599
1,1,1,1986.605,1,63.6,0,1408.247,21.80142
1,1,1,1052.381,2,55.12,2,1197.509,18.58178
1,1,1,1283.534,2,40.28,5,7808.738,21.63261
0,0,0,330.7861,2,54,0,359.1294,57.8224
1,1,1,576.3193,2,63.6,10,1640.986,16.61219
0,1,0,232.092,3,53,0,973.5894,26.68382
0,1,0,6946.531,1,44,8,2285.373,44.38892
1,0,0,835.5961,1,75.26,0,1719.996,8.989827
0,0,0,2056.825,3,34,11,23.05869,53.07586
1,1,1,3448.216,2,40.28,5,16041.35,37.36832
1,1,1,.0302389,2,31.8,9,71.6665,29.00399
1,1,1,1025.844,1,51.94,2,686.9573,21.4393
1,1,1,22.75395,2,55.12,0,151.7861,39.97527
0,1,0,5734.963,1,61,3,2949.805,30.70506
0,1,0,6659.692,2,31,6,23246.01,73.36349
1,0,0,.278866,3,61.48,3,161.2496,26.13736
1,1,1,1055.472,2,62.54,2,447.9156,18.79328
1,1,1,10266.52,1,68.9,0,3045.061,146.6909
0,1,0,1380.961,1,51,0,336.4861,7.690895
1,1,1,6597.729,1,58.3,2,2716.344,38.86562
1,0,0,3352.935,3,72.08,0,7866.165,37.20618
1,1,1,2920.192,1,37.1,4,960.9589,53.40378
0,1,0,2456.781,1,72,0,1366.441,26.60789
0,0,0,2400.287,3,57,0,560.2408,39.7058
0,1,0,2255.244,1,61,0,64.05193,13.64406
0,1,0,.0997957,1,34,5,51.24155,5.990998
1,1,1,2346.424,1,73.14,3,4255.532,12.96593
0,1,0,.0446187,2,76,2,203.7225,36.80728
1,1,1,5386.351,1,55.12,5,8288.107,30.94578
0,1,0,4994.655,1,57,0,1310.076,70.5327
0,0,0,6504.33,1,50,6,1110.233,50.56839
1,1,1,2150.097,1,44.52,5,358.3325,14.91909
1,1,1,1005.555,2,51.94,0,999.7476,49.53352
1,0,0,.2537324,2,48.76,0,59.72208,23.77122
1,0,0,.1846539,3,86.92,0,298.6104,9.744942
1,1,1,686.7742,2,47.7,0,298.6104,20.36715
1,1,1,1461.198,1,87.98,1,1543.404,34.6676
1,1,1,481.1125,3,53,0,533.5112,7.591372
0,0,0,3298.119,1,67,15,21046.61,50.34945
1,1,1,8007.555,1,85.86,0,5816.095,71.20068
0,0,0,1551.339,2,50,0,1211.272,35.79658
0,1,0,1962.484,1,64,0,1442.542,14.27676
0,1,0,7134.511,1,45,2,16722.22,75.36977
0,1,0,597.9218,2,29,1,819.8647,19.94201
0,1,0,1023.09,2,41,0,10529.28,16.11737
0,1,0,2534.779,1,65,0,3857.634,142.5677
0,0,0,118.1341,2,87,1,335.6321,13.13457
1,1,1,1425.334,1,46.64,5,1266.108,.9582103
0,0,0,794.1022,2,57,2,565.3651,26.34327
0,1,0,874.8549,2,72,1,374.0633,1.80953
0,0,0,.161842,2,59,0,1957.427,38.73224
1,1,1,1568.626,1,60.42,0,7355.636,10.43463
1,1,1,4884.722,1,37.1,10,203.0551,38.31792
1,0,0,1126.575,1,57.24,5,652.1651,34.24589
1,1,1,882.7362,3,48.76,0,29.86104,30.93919
1,1,1,2773.498,1,38.16,7,131.3886,41.80596
0,1,0,660.0787,2,39,3,683.2206,22.90726
0,0,0,4522.14,1,55,9,9949.399,38.29221
1,1,1,4943.968,1,58.3,2,2771.104,25.75852
1,0,0,2372.589,1,63.6,4,8332.425,6.734652
0,0,0,3419.332,1,70,0,2420.879,40.80339
1,1,1,793.6171,2,55.12,2,686.8039,49.4761
0,1,0,1174.539,2,52,5,1130.73,82.60785
0,0,0,645.1007,2,42,8,2135.064,38.43719
1,1,1,492.3148,3,83.74,1,800.2759,16.27309
0,1,0,969.9866,3,61,0,1110.233,18.29721
0,1,0,3644.869,1,40,11,129.8119,25.27662
0,1,0,2694.031,1,49,4,286.9526,60.73771
0,0,0,760.2874,2,52,5,1071.08,29.31042
0,1,0,6039.811,1,51,3,2608.115,33.67314
0,1,0,3737.584,3,52,1,1371.565,35.1783
1,0,0,218.6769,2,46.64,5,7644.426,14.62961
0,1,0,5639.6,1,50,8,611.0903,45.79078
1,0,0,3560.117,2,65.72,0,8205.813,14.94558
1,1,1,3768.6,1,41.34,0,630.7897,70.39862
0,0,0,2094.034,1,27,6,34.16103,14.28361
0,1,0,6643.105,1,31,4,538.0362,41.4764
0,0,0,.345506,3,53,3,10313.21,50.91433
1,1,1,1598.096,2,46.64,0,41.80545,36.14839
1,1,1,2536.858,1,71.02,2,510.6238,67.0819
1,0,0,3654.859,2,60.42,0,7081.008,61.97438
0,0,0,1719.177,1,28,8,128.9579,23.64793
0,1,0,2250.167,1,53,0,461.1739,1.342796
0,1,0,5102.964,1,66,0,1674.948,57.03074
0,1,0,2154.594,1,64,0,209.2363,35.79428
1,1,1,5586.972,1,57.24,1,14439.6,43.00645
0,0,0,3450.974,1,92,4,10692.4,39.93525
0,0,0,.2370305,2,43,3,145.1844,19.78102
0,1,0,2165.602,2,60,0,89.71657,61.15028
0,0,0,8112.653,1,54,0,1377.658,80.37111
1,1,1,3641.521,1,59.36,2,525.5543,37.093
0,0,0,1400.926,1,64,0,974.4433,47.06239
1,1,1,3083.557,2,51.94,6,974.9133,23.08543
1,1,1,534.4019,2,32.86,10,661.7206,27.53519
1,0,0,3225.759,1,58.3,5,7464.466,29.27076
1,1,1,9025.913,1,55.12,5,7154.705,72.95168
1,0,0,3666.636,1,77.38,0,708.4572,23.45036
0,1,0,6360.252,1,46,4,582.7371,66.89417
1,0,0,1881.126,1,59.36,2,530.9293,14.31373
0,0,0,2549.477,1,67,0,427.0128,70.08969
0,1,0,3114.284,1,33,6,4245.638,19.83547
1,1,1,.0162902,2,30.74,14,17.91662,7.029951
0,0,0,687.8934,2,40,6,1936.93,37.07949
1,1,1,1123.493,2,33.92,5,35.83325,65.97365
0,0,0,9933.509,1,50,5,1127.533,133.3406
1,0,0,3281.787,1,50.88,6,107.8065,17.09706
1,0,0,1437.191,1,47.7,6,107.4997,22.29478
1,1,1,3457.453,1,48.76,10,4611.59,39.7837
1,1,1,1906.901,3,80.56,2,410.8879,32.62794
1,0,0,551.9814,2,68.9,1,1612.496,4.103904
1,0,0,1468.8,1,60.42,2,10546.32,3.444923
0,0,0,2571.598,1,28,11,4796.08,15.84671
0,1,0,.1117104,1,42,11,14974.49,39.36404
1,0,0,4347.507,1,54.06,3,1851.384,15.24546
1,0,0,3564.236,1,66.78,1,7690.716,12.30671
1,0,0,6369.632,1,60.42,5,453.8878,20.02401
1,1,1,7028.429,1,62.54,1,6111,41.17775
1,1,1,1466.331,2,32.86,10,1500.897,13.78361
0,1,0,59.28417,2,59,5,19392.36,21.70876
1,1,1,729.3104,2,49.82,0,1678.344,11.37861
1,1,1,462.3368,2,56.18,3,1712.829,2.124837
0,0,0,1177.409,2,46,4,312.5734,4.705154
1,0,0,3805.372,1,55.12,0,6844.15,2.971525
0,1,0,8296.171,1,59,4,85.40257,84.76994
1,0,0,.3175029,3,51.94,5,1386.779,18.61743
0,1,0,6884.343,1,39,4,1347.26,67.82904
0,1,0,3650.45,3,65,0,1648.27,25.54599
0,1,0,1481.096,2,42,2,1323.74,49.43524
1,0,0,1837.54,1,59.36,0,201.2183,10.19626
0,0,0,524.1486,2,48,0,3308.496,22.12566
0,1,0,1192.557,2,43,3,510.3152,13.82817
1,1,1,3448.214,1,62.54,2,7019.825,25.91357
1,0,0,912.7851,3,81.62,0,1113.458,17.23202
1,0,0,4278.074,1,48.76,3,119.4442,74.98473
1,1,1,2934.918,1,50.88,16,193.4995,20.02044
0,1,0,3281.38,1,64,1,1204.176,42.09386
1,0,0,288.0812,2,29.68,8,525.5543,23.67474
0,0,0,2728.312,1,57,0,2093.772,27.41023
0,1,0,1422.96,3,53,1,1328.864,36.40258
0,0,0,1840.145,1,55,1,153.7246,41.18111
0,1,0,7887.8,1,71,3,819.8647,43.62772
1,0,0,633.3142,2,54.06,0,501.6655,40.52795
0,0,0,1372.345,1,76,3,1930.098,23.08333
0,0,0,2118.423,1,51,3,688.0403,8.519469
0,0,0,.0120481,3,72,0,647.3515,40.50517
1,1,1,7912.938,1,37.1,14,8746.38,108.3955
1,0,0,7176.819,1,60.42,2,10426.88,72.73502
0,0,0,.2224219,2,58,0,683.2206,37.52176
1,0,0,2808.485,2,33.92,11,4058.712,37.25804
1,0,0,1514.207,1,41.34,4,363.7075,25.61046
1,0,0,.0723451,3,61.48,0,645.5957,21.80524
0,0,0,2460.887,1,53,2,2691.889,26.01283
0,1,0,768.0841,3,62,2,3686.414,49.23326
0,1,0,767.241,2,56,0,10982.77,56.56865
0,0,0,.1708197,3,86,0,819.8647,27.98581
0,1,0,408.2603,3,62,2,3873.861,47.48357
0,0,0,623.2193,2,87,1,438.1152,17.35323
1,1,1,1398.633,3,64.66,3,1884.232,40.68076
0,0,0,5205.212,1,57,0,1480.881,56.61299
1,1,1,6653.241,1,40.28,5,4678.621,91.7872
1,0,0,2471.787,1,43.46,0,280.6938,43.29509
1,1,1,2253.867,1,51.94,1,674.8595,21.31176
0,1,0,1617.5,1,57,0,1359.609,64.91701
0,1,0,2234.281,1,41,3,15299.02,7.769016
1,0,0,1582.135,1,53,3,6832.206,40.60041
1,1,1,4793.785,1,48.76,6,4204.236,47.61063
1,1,1,9500.379,1,49.82,5,8276.034,118.7726
1,0,0,2010.414,1,40.28,2,5.972208,23.74239
1,1,1,4953.035,1,41.34,2,346.3881,55.78024
1,1,1,424.8376,2,56.18,0,1015.275,20.34325
1,1,1,1051.957,3,56.18,3,14089.89,16.10943
0,1,0,1125.428,3,58,2,1103.401,28.88883
1,1,1,2744.961,1,57.24,0,447.9156,25.34335
1,0,0,804.9786,3,49.82,2,2490.411,7.336466
1,0,0,148.0743,2,30.74,0,99.13865,37.67101
1,0,0,1761.328,2,68.9,1,776.387,24.4145
1,1,1,2019.661,2,56.18,0,597.2208,28.82519
1,1,1,4824.341,1,43.46,5,6898.054,53.73871
0,1,0,2435.661,1,45,6,1989.88,12.86174
0,0,0,.263345,2,55,3,1400.602,13.40809
0,1,0,406.5932,3,37,6,766.9151,37.4418
0,1,0,4666.336,1,59,2,27667.02,15.38801
1,1,1,1604.792,2,24.38,10,9.555532,39.17389
0,1,0,2672.8,1,33,11,2119.692,42.44461
0,0,0,1544.802,1,72,4,5332.537,59.84636
1,1,1,1825.685,1,54.06,0,627.0818,6.762919
1,1,1,2508.611,2,55.12,3,399.5407,51.27103
1,0,0,299.5971,3,80.56,1,14.3333,24.83767
0,0,0,933.8354,2,48,0,3188.932,88.43762
0,1,0,.1634247,2,73,0,170.8051,30.26855
1,0,0,5381.255,1,67.84,0,6939.706,24.32201
1,0,0,2715.056,1,72.08,3,961.5255,25.58325
0,0,0,479.592,2,64,0,486.7947,14.18501
0,1,0,4052.045,1,48,5,516.621,26.03263
1,0,0,832.4092,2,49.82,0,8966.673,1.188217
1,0,0,4067.167,1,50.88,6,23.88883,77.17929
0,0,0,920.4534,1,59,5,854.0257,27.262
0,1,0,.1638381,2,54,3,495.3349,22.61799
1,1,1,3803.687,2,30.74,8,1291.498,51.4938
0,0,0,1479.596,1,58,3,322.8656,27.85261
1,1,1,4058.381,1,43.46,5,189.9162,20.00737
0,0,0,2138.275,1,43,5,56.3657,31.40431
0,1,0,838.4351,3,60,2,1805.41,42.31934
1,0,0,.1256243,2,59.36,14,35.83325,26.27861
1,0,0,1017.77,1,40.28,5,876.1229,14.99159
0,1,0,3480.972,1,52,2,4372.612,32.66265
1,0,0,.1542461,3,57.24,0,513.6099,75.83333
0,1,0,2448.857,1,65,0,3918.621,19.2836
1,0,0,251.9849,2,60.42,0,71.6665,18.31171
0,0,0,3250.034,1,56,2,17.93454,22.30358
1,1,1,11640.15,1,56.18,3,7321.927,233.8305
1,1,1,8779.494,1,53,3,3869.833,67.3618
0,0,0,5895.501,1,72,3,4399.218,44.55913
1,1,1,7402.603,1,62.54,5,14022.74,114.3482
1,0,0,2041.081,1,77.38,3,2598.814,16.28911
1,0,0,5574.909,1,54.06,10,274.1243,37.2029
0,1,0,.0514308,2,55,0,316.6475,36.90074
1,1,1,7844.114,1,66.78,0,9919.837,76.52686
1,0,0,905.632,2,80.56,0,1392.719,40.6884
0,0,0,364.8015,3,78,3,1093.153,26.92419
1,1,1,5661.985,1,90.1,1,818.1925,30.73634
1,0,0,3345.641,1,77.38,0,1213.251,72.89056
1,0,0,2727.724,1,34.98,2,8375.425,17.48472
1,1,1,.2813832,2,38.16,5,238.8883,19.39595
1,0,0,405.0557,2,54.06,0,375.4101,19.32788
0,0,0,211.0168,2,33,5,128.3232,43.08896
1,1,1,525.5016,3,69.96,3,7229.177,11.63922
1,1,1,3992.536,1,26.5,2,2144.023,124.4393
0,1,0,1194.715,2,33,6,1029.456,38.14755
1,1,1,9018.782,1,57.24,2,8253.592,86.15638
0,0,0,.2820901,2,63,0,2075.283,24.60814
0,0,0,2501.075,1,36,4,529.496,26.81966
1,1,1,.5776482,2,38.16,2,54.16035,22.89742
1,1,1,2303.663,3,67.84,0,1788.079,56.61175
0,0,0,428.6941,2,65,0,1124.752,12.98653
0,1,0,1112.031,2,35,0,3568.12,59.50663
0,0,0,870.4424,2,33,6,1031.663,82.65946
0,1,0,.2940587,2,58,0,8084.208,29.45957
1,0,0,.0876744,3,82.68,0,479.0035,42.39363
0,1,0,463.9427,2,61,0,1947.179,57.69481
0,1,0,2563.847,1,87,0,1214.425,45.45192
1,0,0,5328.163,1,51.94,5,7083.039,72.47581
1,1,1,452.7766,2,57.24,0,3902.838,13.07758
1,1,1,7188.822,1,57.24,5,16109.43,62.14933
1,1,1,5607.954,3,28.62,5,8594.007,62.25554
0,0,0,4970.61,1,56,6,2206.802,26.46077
0,1,0,157.4227,2,31,11,208.3823,18.27266
1,0,0,1807.576,1,59.36,0,155.2774,32.47065
0,1,0,492.1993,2,66,0,427.0128,40.40392
1,1,1,2611.514,1,80.56,0,5295.91,28.85794
0,0,0,127.0304,3,66,0,420.2039,29.6281
1,0,0,.2966526,2,76.32,0,194.694,27.31536
0,0,0,5912.206,1,49,3,22028.61,35.29861
0,1,0,332.1331,2,64,0,159.1558,30.35155
0,1,0,5963.438,2,34,12,256.2077,38.72342
0,0,0,1985,2,35,1,1648.27,80.98486
0,0,0,.2674685,2,63,0,2075.283,89.22777
0,1,0,1748.881,1,48,7,1699.511,45.81724
1,1,1,1413.571,2,43.46,2,10315.2,18.46997
1,1,1,1591.771,1,62.54,4,7220.399,33.58426
1,1,1,3755.075,1,53,0,8617.825,43.41818
1,1,1,1053.777,2,33.92,5,35.83325,16.487
0,1,0,1689.85,1,40,6,1427.931,121.9821
0,1,0,701.6597,3,32,5,1084.613,34.37344
0,0,0,.128073,1,53,16,9992.102,11.72666
0,0,0,1371.281,1,39,6,51.24155,30.69325
0,1,0,4427.039,1,60,9,1844.696,29.74387
1,1,1,3820.364,1,33.92,14,7626.97,68.16202
0,0,0,.2870039,2,52,4,247.6675,24.06133
0,0,0,18.15726,3,63,0,4956.424,21.07554
1,0,0,1994.109,1,58.3,5,447.8254,66.18781
1,1,1,834.0482,1,76.32,1,7186.055,18.14354
1,1,1,4890.228,3,58.3,0,1019.381,118.4766
1,1,1,2454.82,1,21.2,3,334.4436,39.11235
1,1,1,2768.539,1,80.56,0,2006.662,54.09373
0,1,0,8930.115,1,71,3,387.0014,110.3682
0,0,0,3185.852,1,50,0,2398.98,33.68629
1,1,1,2831.192,3,77.38,3,35.83325,25.26999
1,1,1,291.0132,2,57.24,3,189.319,8.213261
0,1,0,6411.429,1,55,11,19839.02,63.19164
0,1,0,11291.2,1,66,1,11380.75,163.3325
1,1,1,3104.853,1,67.84,0,5450.839,20.11468
1,1,1,2821.037,1,56.18,10,3471.645,16.67151
1,0,0,.0476385,2,62.54,3,1588.607,47.78412
1,1,1,3534.858,1,83.74,0,101.2886,34.97229
1,1,1,5098.849,1,77.38,0,6876.4,22.73031
1,1,1,1240.874,2,53,5,83.61091,26.97707
0,1,0,6866.586,1,39,9,922.3478,41.30478
1,1,1,5924.991,1,64.66,0,447.9156,53.83649
0,1,0,629.8292,3,68,0,1178.556,6.300401
1,0,0,1988.316,3,54.06,14,1980.384,13.557
0,0,0,3190.217,2,73,0,464.9409,26.93287
0,1,0,2087.514,1,31,6,6652.007,45.80559
0,1,0,846.1469,3,45,0,819.8647,32.18385
0,0,0,3636.564,1,56,2,1998.42,7.07351
1,1,1,8471.747,1,46.64,14,4923.488,88.50494
1,1,1,2978.561,1,57.24,0,507.6377,42.94081
0,1,0,813.3687,2,38,7,998.3561,74.39858
0,1,0,338.971,1,81,0,136.6441,15.99322
0,1,0,2968.291,1,69,0,589.2778,33.10432
0,1,0,7788.897,1,68,2,13766.89,57.181
0,0,0,5379.712,1,66,1,740.9022,25.85962
1,0,0,4115.405,1,71.02,0,220.9717,66.62045
1,0,0,.0940026,3,73.14,1,146.3191,33.39137
0,0,0,.1294692,3,56,0,539.7443,11.56167
1,1,1,2896.681,1,77.38,0,7605.01,38.42667
0,0,0,2100.198,2,43,6,16169.18,90.32104
0,1,0,880.5811,3,52,10,2585.99,20.9232
0,1,0,379.843,2,65,0,753.2507,18.76242
0,1,0,464.9599,2,31,2,926.6179,40.53727
1,1,1,1468.158,3,42.4,6,63.3054,41.29337
0,1,0,4885.445,1,55,11,20009.82,44.53432
0,1,0,.2920132,2,47,6,2510.836,31.23605
1,1,1,1250.029,3,68.9,0,743.188,27.78136
1,1,1,6178.91,2,40.28,10,18307.7,19.84729
1,1,1,9897.176,1,82.68,3,4019.296,126.114
0,1,0,1166.857,2,64,0,51.24155,35.41531
1,0,0,.0895285,2,59.36,0,6939.706,43.63653
0,1,0,5104.608,2,60,0,2066.742,87.76372
0,1,0,4141.92,1,55,3,10729.21,35.93318
0,0,0,4307.937,1,70,0,1519.312,43.98199
1,1,1,1697.764,2,42.4,5,418.0546,41.38651
0,0,0,213.3397,2,48,2,332.216,23.98433
1,0,0,1443.033,1,68.9,0,910.1645,6.077476
1,1,1,2685.382,2,89.04,0,938.0967,31.75708
0,0,0,6041.736,1,55,4,197.28,29.92941
0,1,0,7870.623,1,49,11,13211.78,77.42065
1,0,0,5386.67,1,43.46,0,185.1384,19.39259
1,1,1,3825.875,3,48.76,0,1198.979,43.07776
0,1,0,2006.171,2,66,0,1349.361,46.67715
1,0,0,3016.173,1,87.98,0,341.0131,5.637618
0,1,0,.0340546,2,34,6,324.5298,22.00626
0,1,0,.2353824,3,72,0,647.3515,19.55467
0,1,0,5405.727,1,59,6,1706.039,26.09742
1,1,1,.3717885,2,65.72,0,7775.814,37.80626
1,1,1,1172.974,3,66.78,0,501.6655,66.64363
0,1,0,1932.112,1,44,12,341.6103,47.72537
0,1,0,3156.086,1,48,5,375.7713,40.09002
0,1,0,.1290234,3,82,3,756.8422,38.95124
1,0,0,1731.835,1,45.58,10,8158.036,22.73275
1,1,1,945.0173,2,48.76,1,1054.692,35.69585
1,1,1,4466.635,1,65.72,3,489.721,56.24817
1,0,0,6120.973,1,55.12,3,686.8039,16.34639
0,0,0,384.1279,3,86,0,819.8647,33.62617
1,1,1,354.2205,3,63.6,0,655.1512,4.809827
1,0,0,3882.964,1,31.8,5,2772.461,36.30097
1,1,1,2160.855,1,67.84,1,59.72208,3.316947
1,1,1,7760.924,1,38.16,5,385.8046,87.85292
1,1,1,6818.246,3,51.94,3,6939.706,59.06612
1,0,0,6371.266,1,51.94,7,11000.81,24.76206
1,1,1,3559.521,1,40.28,5,3399.978,48.79052
1,1,1,2363.635,1,80.56,0,14300.53,98.65758
1,1,1,3469.533,1,75.26,7,7518.808,67.08107
1,0,0,2691.812,1,67.84,0,6939.706,18.62506
1,0,0,602.5636,2,56.18,0,513.7795,47.79404
0,0,0,622.5883,2,42,8,2022.596,27.14819
1,1,1,5628.62,3,49.82,3,1964.459,53.91949
0,1,0,1182.829,2,49,4,20635.21,29.32759
1,0,0,4497.323,1,45.58,2,7083.039,52.97467
0,1,0,1958.181,1,54,4,163.9729,33.72047
0,0,0,2279.392,2,34,11,888.1868,38.27443
0,1,0,855.592,2,60,0,1492.837,45.91676
1,1,1,.0299742,2,42.4,1,179.1662,14.85773
1,1,1,1612.564,2,46.64,0,41.80545,38.47884
0,0,0,1892.272,1,53,0,367.231,28.03293
1,1,1,1784.923,1,59.36,0,5040.543,36.27072
1,1,1,.0001924,2,65.72,3,18681.26,22.90605
1,1,1,1117.405,1,69.96,0,732.1927,43.008
0,1,0,5007.601,1,44,8,1937.983,40.76496
0,1,0,3892.686,1,53,17,10700.94,37.7219
0,1,0,4952.866,2,31,6,5414.523,46.7707
1,0,0,1752.926,2,49.82,9,1098.886,12.32546
0,1,0,2371.128,1,47,16,11734.31,13.07625
0,1,0,.0058568,2,64,0,177.9005,26.71025
1,1,1,3513.569,3,48.76,2,197.0829,26.35138
0,0,0,3712.255,1,44,1,2427.141,50.90859
1,0,0,1085.874,2,41.34,0,461.8997,27.90199
0,0,0,653.2973,2,58,0,947.9686,15.87799
1,1,1,6962.016,1,38.16,10,15577.91,105.721
1,1,1,3128.894,1,54.06,3,185.7357,25.19965
1,1,1,1752.234,2,30.74,14,17.91662,13.74571
1,0,0,3768.348,1,43.46,0,537.4987,74.69617
0,0,0,913.3552,2,57,2,737.486,27.17792
1,1,1,1251.201,1,48.76,10,715.8079,40.67438
0,1,0,4724.151,1,38,6,1537.246,46.66563
0,0,0,706.5388,3,64,0,495.3349,63.1506
1,1,1,.3026996,3,53,0,6987.483,19.17569
1,0,0,2738.495,1,37.1,6,925.6922,17.63595
0,1,0,811.522,2,32,6,596.1099,42.01069
1,1,1,4342.782,1,75.26,7,7601.426,29.76987
0,1,0,2119.993,3,66,0,34.16103,32.93277
1,0,0,5093.44,2,40.28,13,18854.26,42.71495
0,1,0,972.2242,2,40,6,2141.896,35.39174
1,1,1,5337.223,1,72.08,9,947.1922,62.02166
1,0,0,3555.58,1,50.88,0,566.7787,15.90943
1,1,1,8996.774,1,49.82,5,13831.63,75.1986
0,0,0,2099.562,1,67,0,414.138,32.95229
1,1,1,980.3345,3,58.3,0,805.0536,8.475626
1,0,0,1912.396,2,51.94,7,466.3239,42.41962
1,0,0,59.99553,2,57.24,0,84.08905,31.19263
0,1,0,5466.163,1,44,3,2329.782,39.43046
1,1,1,5499.268,1,60.42,4,12306.93,33.52803
0,0,0,6669.021,1,55,9,14988.49,70.45409
0,0,0,3321.465,1,54,0,273.2882,26.6611
0,1,0,1113.193,3,51,0,1462.092,69.12717
0,1,0,.2275117,2,64,0,53.95714,16.6316
1,0,0,6475.746,1,46.64,10,609.1652,46.93055
0,1,0,1217.16,1,74,0,990.6699,32.52952
0,1,0,317.9692,3,41,0,1520.166,49.7858
0,1,0,367.8431,3,60,0,10166.67,16.86615
0,1,0,2210.626,1,59,4,10477.45,27.08181
0,1,0,599.1797,2,57,3,290.3687,28.60784
0,1,0,3587.811,1,22,6,1646.562,17.49094
0,0,0,123.8539,3,36,0,427.0128,16.80375
0,1,0,667.0574,2,48,4,29.03688,71.39172
1,1,1,4135.009,1,40.28,0,1410.635,83.48213
1,0,0,6198.492,1,47.7,15,2442.463,57.09958
1,1,1,939.402,2,41.34,3,1212.823,4.174185
1,1,1,894.0146,1,62.54,4,7256.232,33.65719
0,0,0,.1376037,2,58,4,107.9143,65.62898
0,0,0,1249.223,1,59,5,922.3478,7.266794
0,1,0,4102.637,1,50,0,626.1763,66.87202
0,1,0,2987.929,2,38,7,170.8051,26.07024
0,1,0,.1842559,3,51,6,1333.377,39.03143
1,0,0,3695.791,1,71.02,0,997.3587,20.36548
1,1,1,5754.348,1,46.64,3,1936.19,116.4272
0,0,0,1105.941,2,57,0,25662.24,49.54234
1,1,1,428.7218,2,51.94,6,322.4992,7.268227
1,0,0,2536.758,1,40.28,2,183.271,39.37369
1,1,1,2350.886,2,44.52,6,95.55533,13.88897
0,0,0,.0061083,3,56,0,590.9858,7.192641
1,1,1,3619.953,1,36.04,4,3711.094,51.64427
0,1,0,3706.609,1,73,1,1524.067,32.90385
0,1,0,410.3584,3,46,2,748.1265,40.28324
1,1,1,2936.964,2,28.62,5,201.8606,20.25521
0,0,0,1328.265,2,42,6,785.7037,67.75529
0,1,0,.2322291,2,49,12,543.1604,108.4694
0,0,0,1766.066,1,73,4,17336.72,31.95113
0,0,0,3764.924,1,79,0,512.4155,11.03045
1,0,0,3193.828,1,59.36,0,286.666,19.82517
1,0,0,393.809,3,53,0,9771.146,44.95008
1,1,1,1958.613,1,67.84,1,214.9995,33.69643
0,1,0,.2565052,3,53,0,854.0257,18.28548
1,0,0,2233.261,1,36.04,10,454.1945,7.373126
1,0,0,2653.98,3,51.94,5,1373.608,41.46223
1,0,0,3551.607,1,74.2,0,95.55533,25.37751
1,1,1,668.3323,2,36.04,0,1356.736,36.69828
1,0,0,3595.281,1,87.98,0,341.0131,37.33806
1,0,0,224.5883,2,48.76,2,4349.121,8.146498
0,1,0,.1568152,1,54,16,9027.052,13.77683
0,1,0,.0278506,2,59,5,3877.277,24.313
1,0,0,547.2693,2,67.84,5,597.2208,30.09091
1,1,1,2694.314,1,67.84,0,1815.551,28.34516
0,0,0,.3635901,3,71,0,284.4125,38.99657
0,1,0,133.5028,3,53,1,10266.24,10.93086
0,0,0,3495.044,1,55,9,15159.3,18.71406
0,0,0,4095.465,1,80,3,1093.153,2.946081
1,1,1,1235.249,3,38.16,4,95.55533,37.83192
1,0,0,.1298448,3,81.62,0,404.0828,63.94242
1,0,0,3834.534,1,43.46,2,650.9706,6.336016
0,0,0,1709.527,1,88,0,136.6441,33.45086
1,0,0,4904.789,1,54.06,8,358.3325,18.88309
0,0,0,39.4531,3,78,0,1034.225,34.31821
0,1,0,2353.811,1,56,3,406.5163,80.35323
1,1,1,2188.71,3,39.22,3,1077.386,20.35007
0,1,0,8805.946,1,32,7,1933.999,118.0998
1,1,1,5570.656,1,46.64,0,8468.591,72.18954
0,0,0,2440.53,1,63,2,1964.259,32.88043
0,1,0,6891.735,1,45,6,2340.031,81.9722
1,1,1,3523.964,2,31.8,9,214.9995,71.90143
0,0,0,3292.964,1,72,4,5187.571,50.47848
0,1,0,3216.571,2,60,0,1567.137,47.05305
0,1,0,.2414411,1,37,6,1754.301,26.39729
1,1,1,300.9774,3,61.48,2,738.7621,40.20666
1,1,1,2437.531,1,41.34,0,274.7216,38.3559
1,1,1,2210.782,2,89.04,0,776.387,40.47015
1,1,1,1996.881,3,42.4,8,11381.83,46.75972
1,1,1,8496.555,1,60.42,0,29.10775,64.82866
1,1,1,852.6091,2,76.32,0,740.5538,42.1103
0,1,0,383.6552,2,76,2,245.9594,33.45337
0,0,0,4194.343,1,65,0,3202.596,86.01441
1,1,1,3822.919,1,93.28,0,1373.011,52.77635
0,1,0,69.47806,2,51,4,2498.58,13.92837
1,1,1,6951.478,1,45.58,0,640.2207,91.11694
1,1,1,652.6179,3,48.76,0,286.666,47.0266
0,1,0,1011.833,1,74,0,947.9686,31.16845
0,0,0,4154.318,3,68,0,864.5398,27.25631
1,0,0,1917.624,1,62.54,3,465.8322,35.49622
1,1,1,4070.794,1,34.98,3,262.7772,54.93392
0,0,0,334.2962,2,34,11,819.8647,27.96851
1,0,0,.289592,3,82.68,3,1051.109,46.5615
0,0,0,5422.052,1,39,5,2027.457,29.92074
1,1,1,2582.796,2,39.22,2,7220.399,41.75885
0,1,0,462.2036,2,63,0,1436.471,28.5737
1,1,1,5410.706,1,49.82,2,2949.406,117.5255
0,1,0,5310.042,1,46,3,2220.467,20.78397
1,1,1,4913.625,1,44.52,5,7601.673,27.27418
1,0,0,1792.49,1,50.88,11,12183.3,30.07878
1,1,1,1160.513,1,80.56,0,5390.071,.8761757
1,0,0,1989.516,1,69.96,0,633.6675,85.45112
1,0,0,2878.529,1,74.2,0,7714.898,13.18742
0,1,0,548.7672,2,34,8,1373.629,9.910059
1,1,1,1042.877,1,58.3,2,107.4997,37.37383
0,1,0,378.5385,2,45,6,827.2245,28.77615
1,0,0,2127.014,3,49.82,2,661.7206,37.83197
0,1,0,1227.975,2,54,3,22836.65,21.26895
1,0,0,.1571694,1,59.36,2,626.4846,7.916646
1,1,1,3323.876,1,26.5,2,1219.648,10.6394
0,0,0,5548.572,1,88,0,136.6441,54.51222
1,1,1,6277.822,1,50.88,14,7441.371,55.67532
1,0,0,6131.404,1,62.54,4,435.9712,18.36608
0,1,0,.2211185,3,37,6,335.129,32.13833
0,1,0,592.7578,1,64,2,1142.686,17.77641
1,1,1,3119.651,1,42.4,7,11285.39,55.43282
0,1,0,2925.747,1,42,8,142.1669,32.68268
0,0,0,859.7155,1,52,16,167.389,30.15226
1,0,0,3257.352,1,68.9,0,1077.386,15.34667
0,1,0,1747.804,1,73,4,17097.6,16.98364
1,1,1,5632.25,1,67.84,0,1402.274,40.00576
1,0,0,2070.305,3,51.94,0,501.6655,53.46334
0,0,0,1031.617,1,53,16,9843.808,43.76759
1,1,1,258.2931,2,57.24,3,252.6244,43.75829
0,0,0,948.1534,2,69,0,1878.857,23.53902
1,0,0,4446.803,1,85.86,0,8540.257,44.85975
1,0,0,141.4951,2,62.54,0,477.7766,26.45279
1,1,1,327.0755,2,32.86,5,5.972208,46.01853
1,0,0,3893.2,1,54.06,10,271.2303,46.92307
0,1,0,6055.035,1,34,1,273.2882,44.3852
1,0,0,1300.437,1,41.34,5,7073.483,1.254865
1,1,1,2340.052,2,24.38,10,59.72208,20.37817
0,1,0,1356.486,2,51,5,10982.77,46.899
0,0,0,.2667928,2,59,5,3551.083,37.0619
0,0,0,3392.704,1,36,6,2698.721,45.0731
0,1,0,.1569173,3,75,6,1733.672,53.92242
1,0,0,.1510572,2,45.58,5,266.9577,57.15463
1,0,0,2806.713,1,50.88,11,10763.99,13.92834
0,1,0,1636.356,3,72,0,6968.85,17.32954
1,1,1,399.5076,2,47.7,2,179.1662,32.30544
0,0,0,.1161492,3,65,0,1996.712,28.17674
1,1,1,349.4608,3,74.2,0,107.4997,39.1203
1,0,0,2066.504,2,43.46,4,955.5533,39.65878
0,1,0,1558.941,3,49,0,189.5937,24.13223
1,0,0,6595.199,1,63.6,0,1272.08,35.0808
1,1,1,1877.499,1,33.92,0,320.3566,20.89625
1,1,1,944.7657,2,40.28,5,17658.45,15.7764
0,0,0,6034.393,1,39,5,1156.351,51.68087
1,1,1,364.4642,3,53,0,531.5265,26.81385
0,0,0,.2463312,2,43,3,77.57185,33.79943
1,0,0,646.4357,2,65.72,0,8325.258,18.0089
1,0,0,1991.611,1,60.42,0,769.4044,25.95111
1,1,1,1154.527,2,37.1,6,1293.58,39.70422
1,1,1,3901.765,1,56.18,3,7763.934,18.36519
1,1,1,5045.785,1,61.48,0,13944.58,18.89889
1,1,1,7019.956,1,50.88,14,560.2545,54.47276
0,1,0,1938.905,1,58,6,389.4357,46.57637
1,1,1,2330.047,1,23.32,4,328.4714,34.64492
0,1,0,4032.738,1,42,1,497.4377,47.75478
0,1,0,.0643981,2,66,0,3383.65,34.73385
1,0,0,114.8778,3,33.92,0,663.3752,6.470544
1,1,1,2880.539,1,38.16,5,7483.186,102.3446
1,0,0,3408.495,1,41.34,7,177.9718,12.2473
0,1,0,401.6536,2,66,0,1007.75,4.544607
0,1,0,5565.511,3,44,6,9975.021,32.32852
1,1,1,6508.832,1,63.6,5,10499.75,61.38645
0,0,0,555.8839,2,40,4,486.7947,11.71128
0,1,0,3194.802,2,41,0,427.0128,41.45785
1,1,1,.0649469,2,41.34,5,788.3314,18.74277
0,1,0,8635.783,2,54,2,649.0595,112.0025
1,1,1,3119.429,1,37.1,0,13792.92,33.56441
1,1,1,2850.34,1,66.78,0,15217.19,21.43079
0,1,0,960.33,2,48,0,838.6533,33.71712
0,1,0,48.99575,3,44,13,1161.475,36.55637
0,0,0,1729.386,2,49,6,10683.86,18.61888
1,1,1,2329.985,2,65.72,0,1236.247,42.55264
0,1,0,.1528333,3,72,0,1556.035,32.23782
1,1,1,6992.812,1,72.08,9,3989.969,74.8651
1,1,1,1174.503,2,60.42,5,824.1647,10.11307
1,1,1,1426.623,2,65.72,0,1415.413,26.11655
1,1,1,7598.442,1,62.54,0,1207.58,68.49056
1,0,0,1489.472,1,43.46,1,215.6129,13.57934
1,1,1,579.6905,3,81.62,5,6790.707,50.4192
1,1,1,334.5105,2,63.6,10,107.4997,6.488289
1,1,1,1148.057,3,42.4,6,63.3054,43.01372
1,1,1,499.5782,2,63.6,3,55.55687,11.45431
0,0,0,939.7106,1,28,8,128.9579,29.84282
1,1,1,1110.469,2,36.04,0,609.7625,38.34472
1,1,1,526.921,3,49.82,3,2472.494,16.55846
1,1,1,.2657344,2,61.48,0,190.5134,11.54639
1,0,0,265.4854,2,50.88,4,191.1107,35.66883
0,0,0,4029.897,3,36,4,3011.978,52.44677
0,0,0,.1669042,3,65,0,1667.234,19.32381
1,1,1,417.7926,2,78.44,0,1815.551,38.85521
0,1,0,7527.431,1,80,0,307.4492,98.95188
1,0,0,.2486337,2,68.9,0,1405.509,22.85888
1,1,1,3417.046,1,83.74,0,6840.095,57.02354
1,0,0,7044.491,1,54.06,8,859.9979,57.73304
1,1,1,4903.355,1,57.24,2,8635.813,100.4356
1,0,0,1936.065,1,55.12,2,179.1662,23.38625
0,0,0,8838.881,1,57,10,2171.643,91.16267
0,0,0,3042.136,1,64,6,8796.465,92.49966
1,0,0,5154.352,1,59.36,14,7241.833,7.275653
1,0,0,408.365,2,65.72,0,459.86,55.10048
0,0,0,8393.269,1,85,3,1074.364,139.6919
0,1,0,1868.492,1,42,1,563.657,64.58894
1,1,1,3730.515,1,55.12,5,725.9462,30.91393
1,0,0,1583.436,2,60.42,0,57.69153,22.92432
1,1,1,5482.775,1,38.16,5,7461.677,49.28757
1,0,0,508.3936,2,72.08,3,1194.442,4.98597
1,0,0,.3353374,3,49.82,1,7275.344,45.55288
0,1,0,1431.782,3,58,0,266.456,32.31831
0,1,0,2650.222,1,63,1,187.8857,11.05058
1,1,1,2918.938,1,60.42,0,7196.511,50.92916
1,0,0,4277.099,3,42.4,0,12518.34,20.02132
1,0,0,106.7275,2,51.94,3,253.2216,24.04381
0,1,0,614.0844,2,61,1,170.8051,22.63211
1,1,1,6161.415,1,49.82,5,71.6665,62.13358
1,0,0,246.7269,2,47.7,4,16.72218,.0479817
0,0,0,604.6315,1,80,0,746.2521,39.97882
0,1,0,2579.472,1,76,0,21191.79,20.8157
1,1,1,975.7987,1,55.12,3,179.1662,32.33225
0,1,0,731.8181,2,49,6,10819.37,27.71045
0,0,0,1613.274,3,60,0,10231.23,14.88937
1,1,1,8026.733,1,36.04,6,93.22779,46.49303
1,0,0,.1973968,2,59.36,5,406.1101,29.99189
0,1,0,588.6778,2,57,3,613.9439,28.74214
0,1,0,.0633065,2,67,0,389.4357,21.40882
1,1,1,2490.087,1,46.64,5,1520.973,37.80802
0,1,0,2672.766,1,59,4,256.2077,8.525085
0,1,0,4974.541,1,62,3,1981.852,35.58231
1,0,0,2087.157,1,44.52,5,530.3321,44.65481
0,0,0,4069.789,1,70,0,1607.276,57.94718
1,1,1,4549.605,1,66.78,0,4694.155,41.84482
0,0,0,78.93195,3,78,0,1290.433,22.53618
0,0,0,.2907425,2,32,6,521.175,13.31724
0,1,0,3534.587,1,51,3,1429.639,46.33003
1,1,1,2797.295,1,49.82,2,4689.258,22.9042
0,1,0,3412.919,1,59,0,3962.679,40.3811
1,1,1,508.3247,3,60.42,0,19923.29,23.70402
1,1,1,829.0543,2,28.62,5,201.8606,17.15347
0,0,0,897.6577,2,30,4,401.3921,67.30618
0,0,0,.1549939,2,59,5,19392.36,14.28442
1,1,1,3036.018,1,48.76,6,985.4143,10.37837
1,1,1,2525.325,2,44.52,6,7142.761,34.97098
0,1,0,1967.73,1,54,0,777.1635,47.4806
0,1,0,.1202054,2,52,3,358.6908,22.6933
1,1,1,2748.398,1,33.92,14,7481.982,30.88961
0,1,0,5659.005,1,52,5,3542.499,89.01166
0,1,0,6422.089,1,39,5,10233.79,81.41739
1,1,1,3056.399,2,46.64,7,0,19.3026
0,1,0,2248.979,1,55,3,962.4869,44.08605
1,1,1,2929.238,1,81.62,1,7069.93,20.74867
1,0,0,3609.688,1,46.64,10,379.8938,18.03091
0,1,0,3216.901,1,71,3,1409.142,27.72421
1,1,1,6294.834,1,49.82,5,3881.033,43.9463
0,1,0,4329.151,1,62,4,8489.016,37.86168
0,0,0,3497.479,1,70,0,2912.228,41.07389
1,0,0,1527.51,1,59.36,0,155.2774,28.1527
1,1,1,495.3424,2,62.54,5,674.8595,55.37686
0,0,0,4816.072,1,36,9,12591.75,33.72787
1,1,1,1.023301,2,58.3,0,179.1662,39.87735
1,0,0,2845.575,1,69.96,2,446.6616,22.15704
0,1,0,419.2838,1,58,2,222.0467,14.29779
0,1,0,475.96,2,57,3,845.4855,35.26009
1,0,0,1472.725,1,62.54,0,1134.719,11.16972
0,1,0,3780.089,1,61,0,166.535,22.34654
0,1,0,.025995,3,76,2,469.7141,28.03515
0,1,0,815.0186,1,40,11,437.9707,15.20037
0,1,0,457.7784,3,82,3,1292.995,65.98759
1,1,1,6237.307,1,39.22,3,437.1656,78.4472
1,0,0,567.454,2,41.34,0,458.6656,31.52778
1,1,1,4774.364,1,56.18,1,2878.604,34.89747
1,1,1,722.5693,2,48.76,1,1342.89,34.17282
1,0,0,445.3905,2,56.18,0,483.1516,19.23202
1,1,1,949.0764,2,38.16,6,4584.913,47.10613
0,0,0,466.9077,3,57,3,768.6232,19.29411
0,1,0,.2653975,1,32,14,631.9791,29.97951
1,0,0,5040.701,1,59.36,1,322.4992,40.38553
1,1,1,608.9399,2,54.06,2,290.2493,30.27503
0,0,0,1111.411,2,35,1,1801.994,35.79816
0,1,0,4375.279,1,45,8,341.6103,46.7094
0,0,0,407.9412,1,56,0,482.5245,15.15364
0,0,0,.0277872,2,52,0,1503.085,14.6372
0,1,0,439.739,2,47,0,3195.764,127.6657
0,1,0,6479.367,1,63,3,17517.95,19.36185
0,1,0,5765.555,1,61,3,3052.288,52.43235
1,1,1,2061.238,2,28.62,13,0,41.02716
0,1,0,2314.413,1,53,0,362.1069,43.10927
0,1,0,5563.031,2,41,0,544.564,43.02068
0,1,0,2791.741,1,33,11,811.3244,72.77056
0,1,0,6276.279,1,58,6,1263.958,31.94839
1,1,1,385.7462,2,28.62,13,0,32.48523
0,1,0,5392.826,1,41,6,1195.636,73.91237
0,1,0,1501.59,1,48,7,1784.914,27.21405
0,1,0,2584.815,1,83,0,1832.739,47.88754
0,0,0,3015.313,3,61,0,915.691,19.97418
1,1,1,7333.711,1,48.76,10,4381.809,50.60839
0,1,0,3888.6,1,33,11,434.1082,53.57655
0,1,0,6466.594,1,46,3,2471.379,62.50006
0,1,0,2438.39,1,53,2,271.3789,39.75698
0,1,0,623.7319,2,51,4,2135.064,2.281451
0,0,0,2158.886,1,39,6,51.24155,52.58781
0,1,0,2164.946,1,64,2,1142.686,61.99155
1,1,1,4512.896,1,36.04,6,191.1107,32.28762
1,1,1,301.901,2,61.48,3,71.6665,27.29859
0,1,0,.1737908,2,49,12,440.6773,9.260414
0,1,0,4613.958,1,31,6,6652.007,64.73596
0,1,0,.291697,3,57,5,1614.767,14.02226
1,0,0,3007.178,2,42.4,5,4302.209,118.1895
0,1,0,5139.701,1,38,6,632.0693,32.13318
1,0,0,2823.781,1,56.18,8,1730.746,41.93551
1,1,1,1602.368,2,65.72,3,19619.9,10.94417
1,0,0,1033.943,2,73.14,2,203.0551,20.72788
1,0,0,6529.372,1,50.88,0,864.7757,44.27979
1,0,0,.3070847,3,39.22,4,7094.983,24.3511
0,0,0,1733.361,1,42,6,927.472,20.93796
1,1,1,2366.932,1,36.04,4,1000.942,67.72118
1,1,1,4005.89,1,39.22,3,1279.663,67.23451
1,0,0,1363.718,2,80.56,0,1113.404,20.00725
0,0,0,250.8984,2,59,3,1058.992,12.77076
0,1,0,685.3661,2,32,6,1648.626,10.23353
1,1,1,.0622203,2,82.68,0,1134.719,3.071076
1,0,0,4131.633,1,44.52,2,95.55533,26.16136
0,1,0,3035.404,1,54,0,674.6803,31.23279
1,1,1,3806.565,1,41.34,10,752.4982,76.92804
0,1,0,4527.173,1,83,0,1597.379,26.68153
1,0,0,1653.201,2,30.74,0,64.68388,50.54428
1,1,1,3337.151,1,62.54,3,5046.516,13.78027
1,0,0,437.3711,2,71.02,2,750.1093,39.45873
0,1,0,221.0567,2,43,2,266.6315,41.91553
1,0,0,6926.065,1,45.58,2,7011.372,38.53365
1,1,1,2210.664,2,29.68,10,582.8875,40.09641
0,0,0,4472.373,1,80,3,1434.763,18.86582
0,1,0,479.2719,2,52,6,627.0742,36.09986
1,1,1,7256.276,1,45.58,0,1349.719,37.20858
1,1,1,4315.334,3,53,0,6987.483,67.28806
0,1,0,1434.595,3,58,2,614.8985,17.68455
0,0,0,3307.068,1,57,0,947.9686,29.97449
0,1,0,.0794977,3,53,1,10342.14,34.12521
1,0,0,.3475591,2,59.36,1,13318.02,28.0426
0,1,0,1655.998,1,62,3,1067.532,53.47466
0,0,0,4113.507,1,60,6,495.3349,48.88639
1,1,1,307.218,3,46.64,0,268.7494,11.36686
1,1,1,923.0225,2,38.16,5,102.8447,52.53116
0,0,0,3186.596,1,43,5,56.3657,33.7192
0,0,0,294.0381,3,45,0,819.8647,43.88785
1,1,1,4960.199,1,60.42,3,255.7945,80.05188
1,1,1,2411.268,1,80.56,0,5374.987,31.24319
1,0,0,6467.447,1,47.7,4,1676.754,55.7867
0,1,0,2715.806,1,62,3,2903.688,12.69507
0,1,0,3568.631,2,63,0,1820.783,76.21706
1,1,1,6097.504,1,61.48,1,768.8225,44.62301
0,1,0,.0507889,2,64,0,34.16103,33.05744
1,1,1,1127.188,2,40.28,5,7901.231,24.6916
0,1,0,368.5464,2,46,0,594.4019,6.439502
0,0,0,3728.621,2,42,1,44.40934,4.198332
1,1,1,4539.835,1,42.4,5,1157.051,48.58347
1,0,0,2810.617,2,66.78,5,1167.615,38.10682
0,1,0,3368.403,1,59,0,524.3718,28.36395
0,1,0,5508.515,1,54,4,453.7302,43.83051
0,0,0,1035.923,1,80,0,746.4185,45.26768
0,0,0,1685.341,1,46,0,743.8564,33.8657
1,0,0,.1343382,2,67.84,3,18578.94,18.75476
1,1,1,.169527,2,39.22,2,7178.594,38.23615
0,0,0,682.0661,2,49,4,15783.64,118.9759
1,0,0,3683.284,1,74.2,0,10757.98,3.255488
1,1,1,.0706855,3,66.78,0,1318.663,7.020889
1,0,0,2009.404,1,27.56,3,35.83325,52.36436
0,0,0,4072.621,1,87,0,1333.988,42.00232
0,1,0,2600.442,1,31,16,4031.001,42.68608
0,0,0,6827.325,1,79,0,162.4842,54.09979
1,1,1,3993.032,1,60.42,0,179.1662,23.60247
0,0,0,.0140254,3,42,9,491.1306,49.21653
1,0,0,7317.473,1,62.54,0,1787.482,43.53502
0,0,0,5207.668,1,56,4,459.0298,66.36852
1,0,0,3070.732,1,60.42,8,400.7351,34.25556
1,1,1,8249.521,1,49.82,3,935.8603,74.48822
0,1,0,529.7231,3,63,0,1438.179,14.49968
0,1,0,2594.51,1,60,0,1051.306,50.6084
0,1,0,310.566,2,36,5,.6832206,12.13387
0,1,0,3093.41,1,57,0,1859.764,38.40408
1,0,0,1000.262,2,54.06,1,3850.88,18.84129
0,1,0,7297.188,1,45,6,1096.701,58.83829
1,1,1,3259.629,2,51.94,0,808.637,12.10637
1,1,1,4185.025,1,54.06,3,281.291,45.10201
0,1,0,247.5818,2,36,2,608.0663,38.16312
1,0,0,4633.042,1,53,3,6832.206,39.3633
0,0,0,513.1203,2,29,1,922.3478,24.41504
0,1,0,2139.826,2,57,3,865.1281,15.73249
0,1,0,8076.746,1,54,6,15044.52,92.89841
1,0,0,3660.199,1,69.96,0,465.8322,7.387523
0,1,0,2773.435,1,86,2,3102.306,35.94863
1,1,1,.0054415,3,28.62,5,8979.918,27.96893
1,1,1,2202.636,1,71.02,2,474.7905,33.86609
1,1,1,1050.107,2,60.42,2,453.8878,47.34427
1,0,0,452.1936,2,73.14,0,48.61377,31.00728
0,1,0,967.9901,1,54,3,1638.021,8.475696
0,1,0,2103.262,1,50,6,1281.039,69.34165
0,0,0,2008.276,2,42,9,1279.331,20.34092
1,1,1,.1020057,3,33.92,10,261.5827,35.14756
0,1,0,537.2407,2,58,4,281.8285,24.79298
1,0,0,3090.596,1,77.38,3,2789.618,62.85456
0,1,0,4370.812,1,42,6,1024.047,28.82433
0,1,0,2721.744,3,58,2,1103.401,10.58567
0,0,0,6831.796,1,63,0,204.9662,78.16056
0,0,0,4315.08,1,57,3,11768.47,17.52042
1,1,1,7098.426,1,82.68,0,8994.146,81.36181
0,0,0,4685.498,1,57,0,290.3687,47.67431
0,0,0,.2739694,3,71,0,553.4087,44.86162
1,1,1,7263.205,3,60.42,3,14707.37,79.31667
1,1,1,2803.266,1,63.6,0,1396.609,10.4306
1,1,1,3517.371,2,32.86,5,18.3271,31.4826
0,1,0,.0016712,3,56,4,11177.49,23.28285
0,1,0,5093.313,1,41,10,14240.03,40.31035
0,1,0,1132.873,2,41,7,10816.22,46.15436
0,0,0,1046.429,2,54,2,646.1698,32.40528
0,0,0,.1008627,3,59,0,25396.12,21.64211
0,1,0,1178.922,1,69,0,333.07,71.62981
1,1,1,5179.149,1,59.36,0,15152.21,99.20475
0,1,0,6575.683,1,63,0,707.1333,75.87565
0,0,0,1150.906,1,70,0,2476.675,37.39306
0,1,0,754.9574,3,45,0,1520.166,40.7451
1,0,0,.0029435,2,59.36,0,6939.706,45.8932
1,0,0,3691.948,2,66.78,0,1156.219,18.42436
1,0,0,801.061,2,42.4,5,384.6102,24.12704
1,0,0,1444.088,1,85.86,0,8779.146,42.44849
0,1,0,4254.176,1,73,1,1333.988,91.82312
0,0,0,959.9045,2,38,7,1237.483,32.59643
1,1,1,9986.035,1,42.4,0,639.1002,130.3128
0,0,0,1918.303,1,51,3,1048.744,19.00608
1,1,1,5628.816,1,68.9,0,3204.687,49.14013
0,1,0,4889.575,3,44,6,10865.84,97.07056
0,1,0,3965.213,1,62,3,590.2066,11.65899
0,1,0,.2642934,3,72,0,1145.58,36.34846
0,1,0,.3384947,2,73,0,186.2215,24.4814
1,1,1,5604.104,1,59.36,6,5060.946,43.63457
0,0,0,2602.816,1,63,2,1742.213,28.44093
1,1,1,6108.672,1,58.3,6,6963.594,47.34171
0,0,0,.1936494,3,63,0,4956.424,9.508976
0,0,0,49.1815,3,67,0,901.8512,30.26947
1,1,1,5510.093,1,60.42,2,2344.689,35.4617
1,0,0,.2548593,2,73.14,0,728.6094,37.1817
0,1,0,2209.554,1,53,6,119.5636,52.7308
0,1,0,2914.442,1,57,0,1396.332,36.04251
0,1,0,2612.86,1,56,3,406.5163,82.76275
0,0,0,2738.279,1,60,11,6131.905,39.73203
0,0,0,6741.167,1,49,6,23304.92,46.73479
0,1,0,628.6298,3,57,6,15398.08,24.56552
1,1,1,356.455,2,63.6,3,50.16655,24.25986
0,0,0,3010.189,1,72,0,1332.719,59.7208
1,1,1,7487.228,1,67.84,1,22.63936,59.54855
0,0,0,412.9772,3,61,3,2594.53,21.63492
0,1,0,.0013029,2,55,6,13664.41,26.46662
0,0,0,.100215,2,52,4,247.6675,12.65297
0,0,0,.2575434,2,40,4,482.6793,94.55927
1,1,1,1846.611,1,53,2,28.69727,24.24113
1,0,0,3313.242,1,47.7,4,922.1089,32.20534
0,1,0,9875.365,1,48,0,2192.214,109.6295
1,1,1,1710.524,1,64.66,1,2018.606,10.25505
1,1,1,3772.3,3,36.04,3,465.8322,37.89599
1,0,0,1789.305,2,68.9,0,1509.774,40.07133
0,1,0,6827.277,1,74,6,9618.037,53.53894
1,1,1,8983.564,1,58.3,5,445.5267,117.5501
0,0,0,3157.208,1,76,3,1332.28,48.90835
1,0,0,9117.382,1,58.3,0,11669.69,83.1442
0,1,0,1772.33,1,76,3,734.4621,39.05952
1,0,0,.1606517,2,65.72,0,410.9186,7.063591
0,1,0,.2060979,2,46,0,508.9994,9.18576
0,0,0,7117.219,1,45,0,1554.327,43.97614
1,1,1,2234.703,1,57.24,5,862.9841,42.99995
1,1,1,3382.998,1,50.88,1,600.2069,173.6281
1,1,1,4009.406,1,60.42,3,250.8327,23.4334
1,1,1,3551.427,1,54.06,5,2710.648,60.20338
0,1,0,330.5692,3,58,3,529.1038,1.772049
1,1,1,928.4789,2,38.16,6,5025.016,34.3378
1,0,0,4187.738,2,66.78,0,1156.219,41.79189
1,1,1,.1403739,1,37.1,14,7763.87,16.61266
0,1,0,727.8568,2,63,0,1779.397,9.243044
1,0,0,.2131614,3,40.28,3,2490.871,14.96295
0,1,0,.2457957,2,27,9,372.3552,3.41767
0,0,0,1530.828,1,52,16,167.389,47.77827
1,1,1,3285.177,1,53,0,260.4496,52.84795
0,0,0,2789.726,1,66,0,495.3349,12.90285
1,1,1,1681.195,1,36.04,4,3792.352,54.12919
1,0,0,2884.446,1,76.32,0,3930.204,37.8712
1,0,0,.2679166,2,54.06,1,10659.2,11.23022
1,0,0,108.5248,2,27.56,4,142.1385,37.58233
0,0,0,5190.389,1,49,9,1964.259,10.98349
0,1,0,2199.95,1,59,3,309.2889,37.00499
0,0,0,2045.313,1,59,0,4276.961,37.44191
1,0,0,1317.911,3,91.16,1,7560.907,13.13595
1,0,0,3754.105,1,77.38,0,690.3872,17.1952
1,0,0,1967.412,1,56.18,0,439.5545,21.46575
1,0,0,569.6939,3,55.12,0,335.0409,32.05923
0,1,0,882.9434,2,43,3,372.3552,8.786655
0,1,0,2835.797,1,53,2,292.9308,76.82511
0,1,0,1281.874,2,62,2,7221.729,30.80636
1,0,0,.1240117,2,69.96,0,754.8871,29.21269
1,0,0,1939.988,1,34.98,2,8471.286,8.452785
1,1,1,4590.271,1,49.82,2,8270.313,93.23338
1,0,0,3043.51,1,77.38,0,358.3325,59.45871
1,1,1,886.1511,2,47.7,0,238.8883,44.05099
0,1,0,865.3587,2,57,0,8173.026,37.08447
1,1,1,.1422303,2,76.32,0,716.665,31.5727
1,1,1,292.8028,1,60.42,0,10929.14,3.158476
0,1,0,.1978468,2,39,3,427.0128,25.66742
1,1,1,1422.662,1,53,2,17.91662,35.72319
0,0,0,5338.22,1,66,1,427.0128,35.8125
0,1,0,6444.263,3,53,1,1328.864,70.96767
1,1,1,3425.628,1,36.04,4,1096.229,41.103
0,0,0,.1731588,2,52,0,2452.731,26.47703
1,1,1,779.7709,3,48.76,0,323.4194,29.6854
0,0,0,643.2554,2,56,4,628.5629,75.92828
0,0,0,219.269,2,41,11,7985.14,23.61726
1,1,1,2570.758,2,58.3,0,214.9995,48.36513
1,0,0,2812.593,1,36.04,8,678.4428,45.33459
0,1,0,.3089362,3,57,6,14544.06,38.4962
1,0,0,331.5541,3,65.72,0,770.8749,85.23814
0,0,0,1625.004,1,70,1,11402.95,12.50211
1,1,1,3257.368,1,46.64,3,2127.301,43.89346
1,1,1,1935.239,2,82.68,0,1194.442,52.53701
1,1,1,9567.318,1,63.6,0,3217.098,87.69919
1,0,0,1498.471,2,48.76,2,3105.548,50.80318
1,0,0,471.139,2,32.86,5,756.0815,38.65222
0,0,0,2608.407,1,40,6,8.540257,19.45524
1,0,0,4860.248,1,56.18,13,119.4442,11.4698
0,0,0,164.0809,3,56,0,2117.984,26.86617
0,1,0,718.4933,1,71,1,14251.98,13.11895
0,1,0,2366.348,2,61,1,256.2077,52.62492
0,1,0,3966.72,1,50,5,1272.498,22.29669
0,1,0,639.1442,2,44,0,153.7246,58.48124
1,1,1,1240.087,1,51.94,2,871.9424,26.93423
0,1,0,1181.526,2,35,0,350.1505,73.97488
0,1,0,3653.09,1,43,6,218.6306,86.0107
0,1,0,3078.743,1,42,8,200.6961,43.33194
1,0,0,3949.082,1,42.4,4,32.24992,46.61908
0,0,0,2427.969,1,57,0,1559.451,51.81448
1,1,1,.2802733,2,87.98,0,33.44436,20.55932
1,1,1,1295.735,1,53,3,3101.606,21.21632
1,0,0,1295.195,1,37.1,6,476.5822,58.89845
0,0,0,3540.14,1,56,3,599.5261,7.175031
0,0,0,.1463973,2,55,0,637.1032,19.69293
0,0,0,265.542,3,63,0,809.8796,38.49027
1,1,1,4010.515,1,60.42,5,12260.94,24.98888
1,0,0,3559.57,1,61.48,14,17116.35,23.6949
1,1,1,2843.03,2,29.68,12,396.0783,11.76411
1,1,1,3383.844,1,58.3,2,155.5841,18.9474
1,0,0,4915.825,1,41.34,4,244.2633,34.00872
0,1,0,919.8973,2,55,6,13801.06,50.64435
1,0,0,827.781,1,38.16,5,218.5828,16.47428
1,1,1,.360975,3,39.22,3,1077.386,33.41728
0,1,0,1349.789,3,46,2,748.1265,25.35666
1,1,1,432.2079,2,34.98,7,119.5668,19.3603
1,0,0,.1010199,2,34.98,5,2410.787,25.90525
1,0,0,2154.083,1,90.1,0,5475.32,29.75328
1,0,0,.3013298,3,36.04,2,807.5652,18.16393
0,0,0,2236.072,2,58,0,800.2879,51.62106
1,1,1,3765.662,1,45.58,1,741.7482,37.90674
0,0,0,334.8975,3,36,0,384.5309,8.896017
1,0,0,.0963111,1,51.94,5,6927.761,16.23934
0,1,0,1814.322,1,73,0,1836.155,19.54243
1,0,0,2468.476,1,27.56,3,35.83325,39.9864
0,0,0,305.557,2,44,4,2815.723,41.36473
0,1,0,3975.174,1,43,6,218.6306,46.71732
0,1,0,.3160731,3,41,0,1440.452,34.79109
0,1,0,5365.939,1,57,4,2348.79,30.44662
0,1,0,1857.696,1,41,10,14058.18,40.17517
1,1,1,3592.067,1,40.28,0,5234.613,62.73029
1,1,1,1669.001,3,63.6,0,535.4598,39.37236
0,1,0,430.6542,2,40,9,1954.011,20.69214
1,1,1,880.1193,1,33.92,0,95.55533,14.35397
0,1,0,1332.661,2,34,8,292.0768,18.98599
1,0,0,1626.709,1,74.2,0,95.55533,19.47188
1,1,1,837.4367,3,55.12,0,133.7775,6.899626
0,0,0,467.4462,3,35,4,1332.28,4.43399
0,0,0,337.6572,2,58,0,905.2673,48.94873
1,0,0,544.029,1,82.68,0,9436.089,53.30798
1,0,0,1261.041,1,42.4,4,32.24992,55.51761
0,1,0,3706.529,1,66,0,1397.013,60.62505
0,1,0,220.7065,2,36,5,.6832206,48.21047
0,1,0,8371.586,1,32,14,5688.624,75.22776
1,1,1,6587.959,1,60.42,5,14201.91,78.60619
1,1,1,2498.991,2,30.74,8,1422.58,22.076
0,1,0,3164.477,3,52,10,1823.306,63.23627
0,0,0,173.0023,3,53,0,654.1837,3.113308
1,1,1,2061.168,2,24.38,10,9.555532,43.02603
1,1,1,7854.161,1,50.88,7,4334.461,68.48307
1,1,1,1687.779,1,87.98,1,1595.774,21.70248
1,0,0,2477.125,1,60.42,6,7238.316,25.99975
0,0,0,1938.555,1,55,0,606.5776,.8295954
0,0,0,3513.113,1,28,11,193.0098,22.29416
0,0,0,1904.886,1,92,4,10692.4,35.47874
0,1,0,3191.097,2,58,0,7776.758,34.70261
1,1,1,1887.907,3,36.04,3,465.8322,76.26105
0,0,0,2904.015,2,46,4,246.4857,23.8592
1,0,0,3375.059,1,48.76,0,238.8883,57.33967
0,1,0,4002.083,1,86,2,4261.588,32.38882
0,0,0,3582.738,1,66,0,479.1317,48.93369
0,1,0,886.6592,2,41,0,10785.49,52.46487
0,1,0,608.9673,2,55,0,2010.377,30.2809
0,0,0,500.5515,2,65,0,1295.557,46.78919
0,0,0,3401.922,1,70,0,1177.701,55.11555
0,1,0,1344.92,2,31,11,116.2352,37.63073
1,1,1,2343.424,1,62.54,2,673.5018,21.30062
1,1,1,668.8787,2,50.88,8,71.6665,16.81238
0,0,0,3047.624,1,54,1,1088.029,35.19164
0,1,0,4055.857,1,58,2,201.6378,76.63617
0,0,0,1361.013,1,58,0,580.7375,60.14431
1,1,1,9529.001,1,62.54,1,4904.974,143.6519
0,1,0,771.3685,3,57,0,560.2408,40.4518
1,1,1,1456.006,2,60.42,2,453.8878,8.213785
0,0,0,1928.037,2,71,2,4625.403,40.35542
0,1,0,240.1027,3,51,6,1197.344,30.93831
1,1,1,5652.812,1,66.78,0,8486.508,25.01901
1,0,0,4171.193,3,49.82,2,2418.744,63.78926
0,0,0,617.3531,3,56,0,2118.861,6.810455
0,0,0,897.2376,1,57,0,1554.327,24.80716
0,1,0,4955.085,1,64,0,854.8798,51.11883
0,1,0,335.4573,3,44,3,1246.878,14.12686
0,1,0,156.9965,3,55,0,965.0491,39.17991
0,0,0,656.8955,2,48,0,572.1973,13.27004
0,1,0,7624.734,1,53,17,10564.3,73.29552
1,1,1,4235.551,2,64.66,14,23.88883,88.4008
1,0,0,.0781018,3,86.92,0,274.7216,28.98642
0,1,0,2273.889,2,50,0,1353.631,64.45801
1,1,1,3471.655,1,67.84,1,218.2337,16.39878
1,0,0,5509.332,1,36.04,8,630.6652,75.68697
1,1,1,3024.592,2,42.4,5,238.8883,23.55362
1,1,1,3473.937,1,68.9,3,2161.939,21.14607
1,1,1,6667.064,1,48.76,7,6915.817,89.67319
1,1,1,.2703564,3,75.26,0,188.7218,20.53985
1,1,1,2109.174,2,78.44,0,1755.829,59.47366
1,0,0,1053.54,2,48.76,0,179.1662,34.80876
0,0,0,2949.173,1,54,1,253.0728,44.29198
0,1,0,611.5868,2,48,4,29.03688,12.45096
0,1,0,1116.063,2,36,7,233.149,19.99882
1,0,0,1333.53,1,79.5,1,728.6094,19.37513
0,0,0,2022.793,1,60,6,785.7037,24.41903
1,0,0,2963.208,1,45.58,7,19924.82,38.5619
0,1,0,3175.69,1,65,0,2997.63,35.32146
0,0,0,4853.618,1,39,14,1332.28,48.61285
0,1,0,1026.612,3,51,0,782.2876,44.0325
0,1,0,3677.359,1,71,3,1272.498,31.13596
1,1,1,8418.656,1,63.6,0,1593.385,54.43335
1,1,1,2378.939,1,54.06,5,2632.549,94.06943
0,1,0,1760.846,3,52,1,11280.67,23.01348
0,1,0,2592.22,1,38,6,939.4283,22.18605
0,1,0,4375.339,1,32,7,1163.183,39.5177
1,1,1,1404.439,2,45.58,4,476.5822,14.27359
0,0,0,5297.609,3,39,8,4024.169,36.72813
1,1,1,1894.457,1,55.12,3,610.3922,22.76379
0,1,0,4488.339,2,35,6,2274.121,49.02707
0,1,0,316.7838,3,64,0,162.2649,40.42707
0,1,0,2670.999,2,30,4,343.4938,43.36246
0,1,0,3730.281,1,34,1,273.2882,39.99847
1,1,1,2364.773,1,21.2,3,107.8065,72.36742
1,1,1,7403.763,1,54.06,0,9615.255,62.43885
0,1,0,145.7808,3,56,4,11348.29,44.03482
1,0,0,6292.511,1,49.82,0,480.7627,25.83562
0,0,0,571.9462,2,57,6,283.1863,1.235903
0,0,0,1135.37,1,70,1,11197.99,22.91437
1,1,1,829.7377,2,78.44,5,1532.469,28.24047
0,1,0,5284.024,1,66,1,15035.98,37.30817
0,1,0,1270.901,3,56,5,211.7984,26.37456
0,0,0,883.8348,2,57,6,444.9474,43.7188
0,1,0,2635.367,1,57,2,483.3786,30.0172
0,1,0,5100.949,1,66,0,85.40257,39.92007
1,0,0,4299.433,1,40.28,5,7444.955,41.47131
0,0,0,8054.881,1,62,0,13117.84,96.54809
0,1,0,6426.29,3,64,0,451.1888,50.66512
0,0,0,6436.651,1,49,6,23758.99,34.93945
0,1,0,1202.069,3,56,3,1144.395,4.109371
0,0,0,.0759479,3,51,0,1465.114,53.73333
0,1,0,1020.1,2,67,2,3149.647,19.42296
0,1,0,593.6551,2,35,0,2850.738,38.12056
0,0,0,6136.567,1,56,3,447.0541,31.98942
0,0,0,2973.203,1,57,3,12456.96,12.99158
0,1,0,6871.708,1,38,6,1898.569,43.06565
0,0,0,835.5759,1,38,4,415.4113,13.76609
1,0,0,3728.171,1,43.46,0,561.3876,64.04571
0,0,0,2376.615,1,74,8,1639.729,19.48912
0,0,0,2197.805,2,36,2,522.6638,48.35236
0,1,0,.0589009,3,64,0,1098.365,38.22711
0,0,0,.0731098,2,47,0,2854.154,36.37642
1,1,1,3263.067,1,53,12,10558.27,28.8661
0,1,0,.1185417,3,58,2,592.8254,25.15475
1,1,1,6853.357,1,53,5,2183.439,88.34782
0,1,0,5958.167,1,61,4,486.7947,54.35736
1,0,0,962.2164,3,39.22,4,19397.73,87.41108
1,1,1,1547.205,3,38.16,4,111.7263,35.53045
0,1,0,4307.527,1,65,4,281.8285,56.72507
0,1,0,367.4558,3,88,0,1093.153,36.55136
1,1,1,1539.623,2,60.42,5,728.6094,9.355902
0,1,0,1703.587,2,38,7,77.08163,89.4343
0,1,0,2101.594,1,33,6,4379.444,43.5306
0,1,0,361.6898,2,60,0,2271.708,19.52902
1,1,1,8199.714,2,54.06,12,19645.82,62.69308
1,1,1,4502.526,1,54.06,7,17803.34,108.4686
0,1,0,5581.286,1,61,13,2493.755,55.71218
1,1,1,6170.521,1,54.06,0,160.0552,49.19941
1,0,0,2116.057,2,49.82,1,1243.599,41.72775
0,1,0,.2501296,3,43,7,9787.135,41.8833
1,0,0,329.5325,3,55.12,0,357.4754,24.81745
0,1,0,.2232153,2,44,0,24143.65,6.351041
0,1,0,2232.95,1,87,0,204.9662,37.35715
0,1,0,1370.856,3,88,0,1093.153,34.64761
0,1,0,4746.959,1,34,6,1185.388,15.49936
1,1,1,664.7252,3,58.3,0,1469.163,8.997276
1,1,1,10933.85,1,81.62,2,6952.844,136.5055
0,1,0,8511.969,1,47,7,11478.11,97.93237
1,0,0,1711.552,1,37.1,6,602.7654,63.68587
0,0,0,366.0631,2,48,2,340.5602,27.41587
0,1,0,3844.595,1,31,16,8842.211,63.50156
1,0,0,679.7547,2,57.24,0,916.1367,5.410635
1,1,1,259.9446,2,45.58,1,555.4153,16.75494
0,1,0,2195.691,1,49,4,561.5568,49.70028
0,1,0,161.2024,3,64,0,2398.104,20.51307
1,0,0,127.0328,2,32.86,5,875.5257,26.32146
1,1,1,1474.553,2,53,5,35.83325,42.01019
1,0,0,5231.832,1,51.94,1,10116.92,23.14646
0,1,0,4608.65,1,62,6,10931.53,44.51353
1,1,1,1329.906,1,50.88,5,13371.77,33.04314
1,1,1,7926.206,1,63.6,5,10630.53,96.0714
0,0,0,5001.327,1,59,6,76.86231,36.86089
1,0,0,1968.43,2,51.94,7,155.2774,5.561125
0,1,0,1208.072,2,77,2,836.9452,40.76393
0,1,0,2936.409,1,63,0,877.9385,31.62834
1,0,0,5511.319,1,53,1,2284.967,28.42905
0,1,0,4213.835,1,39,4,1064.116,51.41318
0,1,0,3545.923,1,73,0,1699.511,47.74932
1,1,1,834.6623,3,46.64,0,272.394,39.403
0,1,0,1058.955,2,42,6,19543.53,6.726167
1,1,1,5915.418,1,53,0,8097.12,77.98303
0,1,0,4426.058,1,45,6,2169.225,9.476262
0,1,0,.262711,2,60,0,1578.24,9.910744
1,1,1,.3368124,2,41.34,5,131.3886,21.58778
0,0,0,6584.049,1,72,3,4711.66,34.83596
0,1,0,121.2026,3,76,2,469.7141,24.04229
1,1,1,8825.844,1,49.82,15,15121.63,94.90244
1,0,0,3166.559,1,76.32,0,4211.601,15.86758
0,0,0,2795.542,3,53,0,604.8257,29.15614
0,1,0,7620.219,1,66,0,900.2308,108.3781
1,1,1,3946.521,1,50.88,16,225.8415,70.64845
0,1,0,161.1256,2,51,5,10641.16,23.71784
1,1,1,887.3787,1,46.64,5,249.1024,16.17899
1,0,0,2461.013,2,67.84,0,13031.36,43.83338
0,1,0,2868.733,2,66,0,3682.625,90.1352
1,0,0,3189.287,1,60.42,2,13529.46,5.513253
1,1,1,7231.518,1,61.48,14,10401.2,78.04088
0,1,0,161.3321,2,43,6,973.5894,28.23604
1,1,1,6768.971,1,89.04,0,375.0547,42.49017
1,1,1,2291.378,3,58.3,0,1098.886,17.59272
1,1,1,1039.839,3,75.26,0,188.7218,14.83737
0,1,0,640.001,2,27,9,1641.628,3.647573
0,1,0,.2442203,2,66,0,555.1167,3.16084
1,0,0,552.7435,2,71.02,2,625.9487,28.88934
1,1,1,1953.707,1,49.82,2,808.0397,35.53902
0,0,0,3254.651,3,52,0,854.0257,25.93719
1,1,1,3727.668,3,61.48,2,679.04,65.02465
0,1,0,1170.177,2,42,2,1135.854,6.939369
0,0,0,1755.863,2,73,0,734.4621,25.43085
0,1,0,3043.643,1,39,11,14210.99,59.4681
1,0,0,4918.156,1,60.42,6,7238.316,37.91766
1,0,0,3937.004,1,37.1,6,925.6922,31.03411
0,1,0,668.7791,2,57,3,591.8398,22.45443
1,1,1,1242.405,3,38.16,3,586.4708,58.02191
0,1,0,4645.866,1,45,2,15840.47,31.11627
1,0,0,.0375881,3,40.28,1,22.72506,43.93953
1,0,0,7150.847,1,64.66,2,18322.73,43.74857
0,1,0,6568.463,1,59,6,1451.844,55.4159
0,0,0,3176.483,1,50,0,3826.035,38.83152
0,0,0,1898.474,1,59,4,10521.6,10.18749
1,0,0,2643.345,2,69.96,2,15497.88,29.68205
1,1,1,.0966016,2,42.4,1,513.1092,50.21699
1,1,1,5298.726,1,64.66,1,1944.612,44.75353
0,0,0,.2140342,3,36,4,2841.173,5.927062
1,1,1,6824.431,1,89.04,0,566.1653,71.02752
0,1,0,4511.498,1,54,4,249.3755,32.24537
1,1,1,3842.334,1,57.24,0,7120.066,24.85703
1,1,1,1154.257,3,66.78,0,621.1096,33.85519
1,1,1,7316.508,1,42.4,5,120.6386,41.0608
0,1,0,.2443242,2,65,0,791.2574,38.38092
1,0,0,279.1781,2,47.7,4,17.24903,22.65055
0,0,0,944.345,1,40,11,548.2845,7.212982
1,1,1,5309.813,1,68.9,0,3236.608,56.99463
0,0,0,6465.475,1,56,4,713.9655,29.64837
1,1,1,8100.351,1,81.62,1,429.999,70.91527
1,0,0,.0198324,2,59.36,5,310.5548,17.12865
1,0,0,1717.001,1,56.18,0,320.1104,45.54494
1,1,1,2900.683,1,68.9,0,2304.078,15.35108
0,1,0,10351.6,1,57,2,756.6668,199.782
1,0,0,.1683634,2,44.52,10,1128.747,7.453453
1,1,1,523.1808,2,57.24,0,3786.687,47.5193
0,1,0,876.3943,2,73,0,3147.939,22.46106
1,1,1,9935.543,1,60.42,4,12882.41,112.3435
0,0,0,719.4205,2,56,4,543.1604,62.66034
0,1,0,398.7167,2,66,0,446.8528,27.22676
0,0,0,1476.445,1,56,4,1670.459,7.96617
0,1,0,4138.499,1,54,4,116.1475,76.43449
1,0,0,1663.305,3,36.04,2,955.5533,28.52663
1,0,0,2663.002,2,51.94,3,567.3597,37.53715
1,0,0,4573.436,1,44.52,2,95.55533,51.77195
0,1,0,314.8465,2,67,0,5294.959,19.26302
0,1,0,101.2036,2,35,6,1617.166,41.72922
0,1,0,292.5898,2,41,11,12332.6,35.94895
1,1,1,2674.874,1,38.16,0,621.1096,53.00957
0,0,0,1289.113,2,71,2,3942.183,52.50247
0,0,0,437.2441,2,49,0,1749.045,21.41493
0,1,0,2407.905,1,58,2,59.7818,42.09592
1,1,1,1486.963,1,51.94,14,7669.509,1.400534
1,0,0,1915.04,1,29.68,1,2263.483,48.03889
1,0,0,2156.553,1,43.46,1,65.69429,26.52941
1,0,0,36.59526,2,31.8,5,66.88873,14.78922
1,1,1,6895.822,2,46.64,7,404.2743,48.77565
1,1,1,2797.377,3,33.92,10,261.5827,50.81909
0,0,0,3336.596,1,46,0,2186.773,16.02099
0,0,0,965.7776,1,46,4,307.4492,25.56845
0,0,0,4969.06,1,65,4,418.4726,41.03966
0,1,0,3117.898,1,48,0,1639.729,40.00809
1,1,1,2514.61,2,34.98,7,255.6105,23.98634
0,0,0,2896.174,1,36,4,324.5298,4.309812
1,0,0,94.39803,3,75.26,0,962.7199,10.29844
1,0,0,.0844128,2,69.96,0,754.8871,7.052931
0,1,0,7662.78,1,58,6,1434.763,56.97101
1,0,0,2764.021,1,63.6,0,794.3036,21.1297
1,0,0,.0033734,1,56.18,16,9256.922,4.1944
1,0,0,192.8438,2,73.14,0,403.1827,26.28648
1,0,0,3454.212,1,40.28,5,636.6374,10.49256
0,1,0,.0709624,1,53,0,491.3073,37.3785
1,1,1,541.9946,3,74.2,0,644.9985,14.53279
0,1,0,637.8458,1,44,16,17601.47,49.24732
1,1,1,1056.618,3,55.12,0,372.6658,40.69563
1,1,1,9907.924,1,60.42,2,2302.516,102.7396
1,0,0,3273.632,1,62.54,4,555.4153,28.21935
0,1,0,6853.463,1,70,4,597.8181,32.1645
0,1,0,885.2615,3,51,0,782.2876,23.01781
0,0,0,1531.793,1,46,11,17616.87,4.92762
0,0,0,1421.655,1,42,6,739.5862,22.39295
1,1,1,6429.726,1,66.78,0,6603.458,33.91114
1,0,0,2381.448,1,55.12,2,131.3886,12.46079
1,0,0,5406.608,3,42.4,3,1009.456,40.51567
0,1,0,695.3747,1,51,0,315.9895,50.57716
1,1,1,2769.685,1,61.48,1,1481.108,41.57888
0,0,0,.0346868,3,49,3,19526.45,24.33735
1,0,0,1412.575,1,59.36,14,378.638,15.69039
1,1,1,2027.214,2,32.86,10,3595.747,60.21879
0,1,0,621.6085,2,33,0,3590.324,45.62186
1,1,1,138.8873,2,64.66,0,164.8329,2.70681
0,1,0,5198.321,1,63,1,150.3963,50.30225
0,0,0,3703.305,1,48,6,1480.881,4.904254
0,1,0,2301.78,2,50,0,13688.32,23.53937
0,1,0,327.6856,2,45,2,1093.153,18.34089
0,1,0,651.5915,2,43,2,512.4155,35.00317
1,0,0,86.05107,2,31.8,5,66.88873,33.01454
0,1,0,8373.954,1,66,0,392.8518,129.6494
0,1,0,8412.678,1,34,6,119.5636,79.68126
0,0,0,1729.388,1,48,1,840.6038,19.26769
0,1,0,6460.595,1,52,5,3030.083,91.47031
1,1,1,814.2437,2,29.68,10,582.8875,19.21705
0,1,0,3278.489,1,59,3,297.201,55.05807
1,0,0,348.9704,2,73.14,0,47.77766,33.62017
0,1,0,2195.551,1,38,17,13537.41,26.26969
1,1,1,5575.482,1,59.36,6,11770.03,32.80927
1,0,0,1271.076,2,60.42,0,15.09291,28.04113
0,0,0,1866.575,1,56,6,1181.118,41.72504
1,0,0,1675.506,1,46.64,5,9192.423,2.569838
1,1,1,3133.338,1,45.58,11,145.9673,38.83646
0,1,0,131.5974,2,49,0,2710.113,22.63844
0,0,0,2650.946,1,70,0,10322.45,43.7464
0,1,0,.1536826,2,47,6,3898.743,42.47744
0,0,0,1009.382,1,41,9,87.34283,17.79058
0,0,0,938.2496,2,32,6,577.3214,12.57457
1,1,1,.2415487,2,65.72,0,7684.033,6.22821
1,0,0,2235.754,2,59.36,1,13258.3,53.74784
1,0,0,909.8761,2,49.82,0,9838.615,21.29836
1,0,0,3646.583,1,75.26,0,1730.776,39.63891
0,0,0,411.4151,3,67,0,782.2876,16.22499
1,1,1,.2882624,3,41.34,6,3790.99,15.55149
0,0,0,2323.744,1,59,0,4144.084,14.55192
1,1,1,.1414352,3,83.74,1,621.1096,19.50731
0,0,0,7520.081,1,76,1,1134.409,53.41101
0,1,0,2038.725,2,53,6,9976.729,26.23077
1,0,0,4876.051,1,48.76,0,586.5033,31.94129
0,0,0,7280.014,1,74,8,1793.454,51.76263
1,1,1,3890.854,3,71.02,3,14865.31,27.9002
1,0,0,3505.505,1,47.7,6,258.4288,44.99893
1,1,1,2159.528,1,46.64,5,263.3744,75.49672
0,1,0,924.7712,2,77,2,941.1828,35.66833
0,0,0,883.1536,3,74,4,1021.415,18.43609
0,0,0,.084303,3,52,0,290.3687,26.1328
1,1,1,2576.333,1,41.34,10,871.9424,47.69315
1,1,1,720.963,2,50.88,8,71.6665,78.40236
0,1,0,4464.681,1,69,0,5626.321,37.56106
1,0,0,.0668565,3,39.22,0,429.999,32.72711
1,1,1,4239.202,1,57.24,5,3670.486,61.34268
1,0,0,4729.662,1,56.18,8,1370.086,87.09908
0,1,0,5836.24,1,44,6,10665.07,45.49767
1,0,0,1223.928,2,62.54,0,537.4987,1.067446
0,0,0,4945.629,2,40,6,666.1401,27.43143
0,1,0,443.6632,2,52,6,635.3951,9.062149
0,1,0,7745.262,1,47,16,11597.67,70.87213
0,0,0,426.9394,3,66,0,521.8098,7.067418
0,1,0,925.3123,2,45,6,367.231,11.62783
0,1,0,.1821505,3,44,13,1023.605,35.30904
1,0,0,4537.654,1,64.66,2,18513.84,48.74073
1,0,0,3069.141,1,41.34,5,7073.483,26.53712
1,1,1,84.7274,2,61.48,0,140.1484,37.62608
0,0,0,5449.052,1,55,4,197.28,24.27737
0,0,0,381.4548,1,38,4,581.5916,13.19684
0,1,0,413.053,2,59,0,2602.198,10.50698
1,0,0,.1697811,2,51.94,3,615.4442,15.94703
1,1,1,5591.779,1,37.1,0,6772.484,69.34271
0,1,0,1476.112,1,57,0,1396.332,13.5875
1,1,1,569.5905,1,65.72,0,8212.383,56.9879
1,0,0,900.2579,1,43.46,2,615.1374,29.51587
0,1,0,908.4857,3,57,5,1503.085,41.20065
1,0,0,.3474264,3,82.68,3,817.1821,26.13042
0,0,0,2883.187,1,55,0,666.1401,37.70683
1,1,1,2866.787,1,68.9,3,391.5946,33.66275
1,1,1,5585.825,1,37.1,10,1868.237,18.55945
0,1,0,439.9167,2,45,2,1090.508,29.00855
0,1,0,3187.395,1,51,0,96.492,35.93585
0,1,0,2032.243,1,60,2,640.5193,27.02237
0,0,0,3535.411,3,59,0,22939.13,28.07288
0,0,0,2024.279,2,54,6,11358.49,41.74603
0,0,0,5332.73,1,66,0,461.1739,81.82581
